{
  "type": "FeatureCollection",
  "crs": {
    "type": "name",
    "properties": {
      "name": "urn:ogc:def:crs:OGC:1.3:CRS84"
    }
  },
  "features": [
    {
      "type": "Feature",
      "properties": {
        "Nome_Voo": "AM72",
        "Platform": "Phantom 3Advanced",
        "Datetime": "2022-11-23T00:00:00.000000Z",
        "Projeto": "HARMONIZE",
        "Nota": " ",
        "Municipio": "Cametá"
      },
      "geometry": {
        "type": "Polygon",
        "coordinates": [
          [
            [
              -49.46477837045395,
              -2.366902807669591
            ],
            [
              -49.46477837045395,
              -2.362560917225393
            ],
            [
              -49.46819807700661,
              -2.362560917225393
            ],
            [
              -49.46819807700661,
              -2.366902807669591
            ],
            [
              -49.46477837045395,
              -2.366902807669591
            ]
          ]
        ]
      }
    },
    {
      "type": "Feature",
      "properties": {
        "Nome_Voo": "AM73",
        "Platform": "Phantom 3Advanced",
        "Datetime": "2022-11-23T00:00:00.000000Z",
        "Projeto": "HARMONIZE",
        "Nota": " ",
        "Municipio": "Cametá"
      },
      "geometry": {
        "type": "Polygon",
        "coordinates": [
          [
            [
              -49.52669325913032,
              -2.404107775236707
            ],
            [
              -49.52669325913032,
              -2.399124740566252
            ],
            [
              -49.53014505964584,
              -2.399124740566252
            ],
            [
              -49.53014505964584,
              -2.404107775236707
            ],
            [
              -49.52669325913032,
              -2.404107775236707
            ]
          ]
        ]
      }
    },
    {
      "type": "Feature",
      "properties": {
        "Nome_Voo": "AM73a",
        "Platform": "Phantom 3Advanced",
        "Datetime": "2022-11-23T00:00:00.000000Z",
        "Projeto": "HARMONIZE",
        "Nota": " ",
        "Municipio": "Cametá"
      },
      "geometry": {
        "type": "Polygon",
        "coordinates": [
          [
            [
              -49.524129527174566,
              -2.402345897014131
            ],
            [
              -49.524129527174566,
              -2.398380221111448
            ],
            [
              -49.52894307363124,
              -2.398380221111448
            ],
            [
              -49.52894307363124,
              -2.402345897014131
            ],
            [
              -49.524129527174566,
              -2.402345897014131
            ]
          ]
        ]
      }
    },
    {
      "type": "Feature",
      "properties": {
        "Nome_Voo": "AM73b",
        "Platform": "Phantom 3Advanced",
        "Datetime": "2022-11-23T00:00:00.000000Z",
        "Projeto": "HARMONIZE",
        "Nota": " ",
        "Municipio": "Cametá"
      },
      "geometry": {
        "type": "Polygon",
        "coordinates": [
          [
            [
              -49.527993862059425,
              -2.403103322340186
            ],
            [
              -49.527993862059425,
              -2.400399928710342
            ],
            [
              -49.53051531691993,
              -2.400399928710342
            ],
            [
              -49.53051531691993,
              -2.403103322340186
            ],
            [
              -49.527993862059425,
              -2.403103322340186
            ]
          ]
        ]
      }
    },
    {
      "type": "Feature",
      "properties": {
        "Nome_Voo": "AM74",
        "Platform": "Phantom 3Advanced",
        "Datetime": "2022-11-23T00:00:00.000000Z",
        "Projeto": "HARMONIZE",
        "Nota": " ",
        "Municipio": "Cametá"
      },
      "geometry": {
        "type": "Polygon",
        "coordinates": [
          [
            [
              -49.52303790495254,
              -2.52664827646539
            ],
            [
              -49.52303790495254,
              -2.522063870267778
            ],
            [
              -49.52614057912227,
              -2.522063870267778
            ],
            [
              -49.52614057912227,
              -2.52664827646539
            ],
            [
              -49.52303790495254,
              -2.52664827646539
            ]
          ]
        ]
      }
    },
    {
      "type": "Feature",
      "properties": {
        "Nome_Voo": "AM74a",
        "Platform": "Phantom 3Advanced",
        "Datetime": "2022-11-23T00:00:00.000000Z",
        "Projeto": "HARMONIZE",
        "Nota": " ",
        "Municipio": "Cametá"
      },
      "geometry": {
        "type": "Polygon",
        "coordinates": [
          [
            [
              -49.524932587249964,
              -2.52621940121205
            ],
            [
              -49.524932587249964,
              -2.521726896758362
            ],
            [
              -49.52840984396864,
              -2.521726896758362
            ],
            [
              -49.52840984396864,
              -2.52621940121205
            ],
            [
              -49.524932587249964,
              -2.52621940121205
            ]
          ]
        ]
      }
    },
    {
      "type": "Feature",
      "properties": {
        "Nome_Voo": "AM37-pt33",
        "Platform": "Phantom 3Advanced",
        "Datetime": "2022-11-22T00:00:00.000000Z",
        "Projeto": "HARMONIZE",
        "Nota": " ",
        "Municipio": "Baião"
      },
      "geometry": {
        "type": "Polygon",
        "coordinates": [
          [
            [
              -49.64338142382005,
              -2.733232387585275
            ],
            [
              -49.64338142382005,
              -2.729909610252776
            ],
            [
              -49.64782242431023,
              -2.729909610252776
            ],
            [
              -49.64782242431023,
              -2.733232387585275
            ],
            [
              -49.64338142382005,
              -2.733232387585275
            ]
          ]
        ]
      }
    },
    {
      "type": "Feature",
      "properties": {
        "Nome_Voo": "AM70",
        "Platform": "Phantom 3Advanced",
        "Datetime": "2022-11-22T00:00:00.000000Z",
        "Projeto": "HARMONIZE",
        "Nota": " ",
        "Municipio": "Baião"
      },
      "geometry": {
        "type": "Polygon",
        "coordinates": [
          [
            [
              -49.657276505533034,
              -2.905106238613956
            ],
            [
              -49.657276505533034,
              -2.901958845300069
            ],
            [
              -49.662397604766774,
              -2.901958845300069
            ],
            [
              -49.662397604766774,
              -2.905106238613956
            ],
            [
              -49.657276505533034,
              -2.905106238613956
            ]
          ]
        ]
      }
    },
    {
      "type": "Feature",
      "properties": {
        "Nome_Voo": "AM71",
        "Platform": "Phantom 3Advanced",
        "Datetime": "2022-11-22T00:00:00.000000Z",
        "Projeto": "HARMONIZE",
        "Nota": " ",
        "Municipio": "Baião"
      },
      "geometry": {
        "type": "Polygon",
        "coordinates": [
          [
            [
              -49.66975846750121,
              -2.73890661986667
            ],
            [
              -49.66975846750121,
              -2.73322451275677
            ],
            [
              -49.67255475864853,
              -2.73322451275677
            ],
            [
              -49.67255475864853,
              -2.73890661986667
            ],
            [
              -49.66975846750121,
              -2.73890661986667
            ]
          ]
        ]
      }
    },
    {
      "type": "Feature",
      "properties": {
        "Nome_Voo": "AM69",
        "Platform": "Phantom 3Advanced",
        "Datetime": "2022-11-22T00:00:00.000000Z",
        "Projeto": "HARMONIZE",
        "Nota": " ",
        "Municipio": "Mocajuba"
      },
      "geometry": {
        "type": "Polygon",
        "coordinates": [
          [
            [
              -49.489529442663645,
              -2.627760099723449
            ],
            [
              -49.489529442663645,
              -2.624099343824562
            ],
            [
              -49.49389126240385,
              -2.624099343824562
            ],
            [
              -49.49389126240385,
              -2.627760099723449
            ],
            [
              -49.489529442663645,
              -2.627760099723449
            ]
          ]
        ]
      }
    },
    {
      "type": "Feature",
      "properties": {
        "Nome_Voo": "AM69a",
        "Platform": "Phantom 3Advanced",
        "Datetime": "2022-11-22T00:00:00.000000Z",
        "Projeto": "HARMONIZE",
        "Nota": " ",
        "Municipio": "Mocajuba"
      },
      "geometry": {
        "type": "Polygon",
        "coordinates": [
          [
            [
              -49.49150288865133,
              -2.626407413484056
            ],
            [
              -49.49150288865133,
              -2.622169085646718
            ],
            [
              -49.49620159599519,
              -2.622169085646718
            ],
            [
              -49.49620159599519,
              -2.626407413484056
            ],
            [
              -49.49150288865133,
              -2.626407413484056
            ]
          ]
        ]
      }
    },
    {
      "type": "Feature",
      "properties": {
        "Nome_Voo": "AM69b",
        "Platform": "Phantom 3Advanced",
        "Datetime": "2022-11-22T00:00:00.000000Z",
        "Projeto": "HARMONIZE",
        "Nota": " ",
        "Municipio": "Mocajuba"
      },
      "geometry": {
        "type": "Polygon",
        "coordinates": [
          [
            [
              -49.49735117956338,
              -2.622050475341184
            ],
            [
              -49.49735117956338,
              -2.617903802377959
            ],
            [
              -49.501744708982436,
              -2.617903802377959
            ],
            [
              -49.501744708982436,
              -2.622050475341184
            ],
            [
              -49.49735117956338,
              -2.622050475341184
            ]
          ]
        ]
      }
    },
    {
      "type": "Feature",
      "properties": {
        "Nome_Voo": "AM24-pt31",
        "Platform": "Phantom 3Advanced",
        "Datetime": "2022-11-21T00:00:00.000000Z",
        "Projeto": "HARMONIZE",
        "Nota": " ",
        "Municipio": "Mocajuba"
      },
      "geometry": {
        "type": "Polygon",
        "coordinates": [
          [
            [
              -49.40192764351779,
              -2.560605615776085
            ],
            [
              -49.40192764351779,
              -2.556999113823057
            ],
            [
              -49.406558818082125,
              -2.556999113823057
            ],
            [
              -49.406558818082125,
              -2.560605615776085
            ],
            [
              -49.40192764351779,
              -2.560605615776085
            ]
          ]
        ]
      }
    },
    {
      "type": "Feature",
      "properties": {
        "Nome_Voo": "AM63",
        "Platform": "Phantom 3Advanced",
        "Datetime": "2022-11-21T00:00:00.000000Z",
        "Projeto": "HARMONIZE",
        "Nota": " ",
        "Municipio": "Mocajuba"
      },
      "geometry": {
        "type": "Polygon",
        "coordinates": [
          [
            [
              -49.49649015384581,
              -2.571665008075021
            ],
            [
              -49.49649015384581,
              -2.56795698457048
            ],
            [
              -49.50112119835379,
              -2.56795698457048
            ],
            [
              -49.50112119835379,
              -2.571665008075021
            ],
            [
              -49.49649015384581,
              -2.571665008075021
            ]
          ]
        ]
      }
    },
    {
      "type": "Feature",
      "properties": {
        "Nome_Voo": "AM64",
        "Platform": "Phantom 3Advanced",
        "Datetime": "2022-11-21T00:00:00.000000Z",
        "Projeto": "HARMONIZE",
        "Nota": " ",
        "Municipio": "Mocajuba"
      },
      "geometry": {
        "type": "Polygon",
        "coordinates": [
          [
            [
              -49.50441834772306,
              -2.574100959105093
            ],
            [
              -49.50441834772306,
              -2.569975440072223
            ],
            [
              -49.508526221858766,
              -2.569975440072223
            ],
            [
              -49.508526221858766,
              -2.574100959105093
            ],
            [
              -49.50441834772306,
              -2.574100959105093
            ]
          ]
        ]
      }
    },
    {
      "type": "Feature",
      "properties": {
        "Nome_Voo": "AM65",
        "Platform": "Phantom 3Advanced",
        "Datetime": "2022-11-21T00:00:00.000000Z",
        "Projeto": "HARMONIZE",
        "Nota": " ",
        "Municipio": "Mocajuba"
      },
      "geometry": {
        "type": "Polygon",
        "coordinates": [
          [
            [
              -49.49392325938073,
              -2.564543246584744
            ],
            [
              -49.49392325938073,
              -2.561292866565148
            ],
            [
              -49.49822083784686,
              -2.561292866565148
            ],
            [
              -49.49822083784686,
              -2.564543246584744
            ],
            [
              -49.49392325938073,
              -2.564543246584744
            ]
          ]
        ]
      }
    },
    {
      "type": "Feature",
      "properties": {
        "Nome_Voo": "AM66",
        "Platform": "Phantom 3Advanced",
        "Datetime": "2022-11-21T00:00:00.000000Z",
        "Projeto": "HARMONIZE",
        "Nota": " ",
        "Municipio": "Mocajuba"
      },
      "geometry": {
        "type": "Polygon",
        "coordinates": [
          [
            [
              -49.262930290824556,
              -2.576546527934104
            ],
            [
              -49.262930290824556,
              -2.573139202793123
            ],
            [
              -49.26765247408702,
              -2.573139202793123
            ],
            [
              -49.26765247408702,
              -2.576546527934104
            ],
            [
              -49.262930290824556,
              -2.576546527934104
            ]
          ]
        ]
      }
    },
    {
      "type": "Feature",
      "properties": {
        "Nome_Voo": "AM67",
        "Platform": "Phantom 3Advanced",
        "Datetime": "2022-11-21T00:00:00.000000Z",
        "Projeto": "HARMONIZE",
        "Nota": " ",
        "Municipio": "Mocajuba"
      },
      "geometry": {
        "type": "Polygon",
        "coordinates": [
          [
            [
              -49.267223855621374,
              -2.578621965173273
            ],
            [
              -49.267223855621374,
              -2.574730997066686
            ],
            [
              -49.27272120552468,
              -2.574730997066686
            ],
            [
              -49.27272120552468,
              -2.578621965173273
            ],
            [
              -49.267223855621374,
              -2.578621965173273
            ]
          ]
        ]
      }
    },
    {
      "type": "Feature",
      "properties": {
        "Nome_Voo": "AM68",
        "Platform": "Phantom 3Advanced",
        "Datetime": "2022-11-21T00:00:00.000000Z",
        "Projeto": "HARMONIZE",
        "Nota": " ",
        "Municipio": "Mocajuba"
      },
      "geometry": {
        "type": "Polygon",
        "coordinates": [
          [
            [
              -49.28110366328961,
              -2.574424554365512
            ],
            [
              -49.28110366328961,
              -2.569252509835169
            ],
            [
              -49.28463094269277,
              -2.569252509835169
            ],
            [
              -49.28463094269277,
              -2.574424554365512
            ],
            [
              -49.28110366328961,
              -2.574424554365512
            ]
          ]
        ]
      }
    },
    {
      "type": "Feature",
      "properties": {
        "Nome_Voo": "AM62",
        "Platform": "Phantom 3Advanced",
        "Datetime": "2022-11-20T00:00:00.000000Z",
        "Projeto": "HARMONIZE",
        "Nota": " ",
        "Municipio": "Abaetetuba"
      },
      "geometry": {
        "type": "Polygon",
        "coordinates": [
          [
            [
              -49.470947697644114,
              -2.184129562256824
            ],
            [
              -49.470947697644114,
              -2.180225036040425
            ],
            [
              -49.47398065552332,
              -2.180225036040425
            ],
            [
              -49.47398065552332,
              -2.184129562256824
            ],
            [
              -49.470947697644114,
              -2.184129562256824
            ]
          ]
        ]
      }
    },
    {
      "type": "Feature",
      "properties": {
        "Nome_Voo": "AM61",
        "Platform": "Phantom 3Advanced",
        "Datetime": "2022-11-20T00:00:00.000000Z",
        "Projeto": "HARMONIZE",
        "Nota": " ",
        "Municipio": "Cametá"
      },
      "geometry": {
        "type": "Polygon",
        "coordinates": [
          [
            [
              -49.471205898369824,
              -2.196601342897369
            ],
            [
              -49.471205898369824,
              -2.193648163553854
            ],
            [
              -49.475486955039564,
              -2.193648163553854
            ],
            [
              -49.475486955039564,
              -2.196601342897369
            ],
            [
              -49.471205898369824,
              -2.196601342897369
            ]
          ]
        ]
      }
    },
    {
      "type": "Feature",
      "properties": {
        "Nome_Voo": "AM57",
        "Platform": "Phantom 3Advanced",
        "Datetime": "2022-11-19T00:00:00.000000Z",
        "Projeto": "HARMONIZE",
        "Nota": " ",
        "Municipio": "Baião"
      },
      "geometry": {
        "type": "Polygon",
        "coordinates": [
          [
            [
              -49.79594823149575,
              -3.073489330930363
            ],
            [
              -49.79594823149575,
              -3.070575856497434
            ],
            [
              -49.80114828016758,
              -3.070575856497434
            ],
            [
              -49.80114828016758,
              -3.073489330930363
            ],
            [
              -49.79594823149575,
              -3.073489330930363
            ]
          ]
        ]
      }
    },
    {
      "type": "Feature",
      "properties": {
        "Nome_Voo": "AM58",
        "Platform": "Phantom 3Advanced",
        "Datetime": "2022-11-19T00:00:00.000000Z",
        "Projeto": "HARMONIZE",
        "Nota": " ",
        "Municipio": "Baião"
      },
      "geometry": {
        "type": "Polygon",
        "coordinates": [
          [
            [
              -49.749852333969024,
              -3.227741727392471
            ],
            [
              -49.749852333969024,
              -3.224521935236575
            ],
            [
              -49.754833248752426,
              -3.224521935236575
            ],
            [
              -49.754833248752426,
              -3.227741727392471
            ],
            [
              -49.749852333969024,
              -3.227741727392471
            ]
          ]
        ]
      }
    },
    {
      "type": "Feature",
      "properties": {
        "Nome_Voo": "AM59",
        "Platform": "Phantom 3Advanced",
        "Datetime": "2022-11-19T00:00:00.000000Z",
        "Projeto": "HARMONIZE",
        "Nota": " ",
        "Municipio": "Baião"
      },
      "geometry": {
        "type": "Polygon",
        "coordinates": [
          [
            [
              -49.7424175911417,
              -3.227405208317537
            ],
            [
              -49.7424175911417,
              -3.224723952713238
            ],
            [
              -49.747152285268605,
              -3.224723952713238
            ],
            [
              -49.747152285268605,
              -3.227405208317537
            ],
            [
              -49.7424175911417,
              -3.227405208317537
            ]
          ]
        ]
      }
    },
    {
      "type": "Feature",
      "properties": {
        "Nome_Voo": "AM60",
        "Platform": "Phantom 3Advanced",
        "Datetime": "2022-11-19T00:00:00.000000Z",
        "Projeto": "HARMONIZE",
        "Nota": " ",
        "Municipio": "Baião"
      },
      "geometry": {
        "type": "Polygon",
        "coordinates": [
          [
            [
              -49.789311051929204,
              -2.713234081824715
            ],
            [
              -49.789311051929204,
              -2.710103251234889
            ],
            [
              -49.79462318682793,
              -2.710103251234889
            ],
            [
              -49.79462318682793,
              -2.713234081824715
            ],
            [
              -49.789311051929204,
              -2.713234081824715
            ]
          ]
        ]
      }
    },
    {
      "type": "Feature",
      "properties": {
        "Nome_Voo": "AM54",
        "Platform": "Phantom 3Advanced",
        "Datetime": "2022-11-18T00:00:00.000000Z",
        "Projeto": "HARMONIZE",
        "Nota": " ",
        "Municipio": "Cametá"
      },
      "geometry": {
        "type": "Polygon",
        "coordinates": [
          [
            [
              -49.39225374256542,
              -1.965563907915949
            ],
            [
              -49.39225374256542,
              -1.962283188185403
            ],
            [
              -49.397764089413315,
              -1.962283188185403
            ],
            [
              -49.397764089413315,
              -1.965563907915949
            ],
            [
              -49.39225374256542,
              -1.965563907915949
            ]
          ]
        ]
      }
    },
    {
      "type": "Feature",
      "properties": {
        "Nome_Voo": "AM54a",
        "Platform": "Phantom 3Advanced",
        "Datetime": "2022-11-18T00:00:00.000000Z",
        "Projeto": "HARMONIZE",
        "Nota": " ",
        "Municipio": "Cametá"
      },
      "geometry": {
        "type": "Polygon",
        "coordinates": [
          [
            [
              -49.395077529598424,
              -1.963298957660983
            ],
            [
              -49.395077529598424,
              -1.959205661168502
            ],
            [
              -49.40064545419858,
              -1.959205661168502
            ],
            [
              -49.40064545419858,
              -1.963298957660983
            ],
            [
              -49.395077529598424,
              -1.963298957660983
            ]
          ]
        ]
      }
    },
    {
      "type": "Feature",
      "properties": {
        "Nome_Voo": "AM54b",
        "Platform": "Phantom 3Advanced",
        "Datetime": "2022-11-18T00:00:00.000000Z",
        "Projeto": "HARMONIZE",
        "Nota": " ",
        "Municipio": "Cametá"
      },
      "geometry": {
        "type": "Polygon",
        "coordinates": [
          [
            [
              -49.389777864767225,
              -1.965961589911463
            ],
            [
              -49.389777864767225,
              -1.96224619235033
            ],
            [
              -49.394939203513125,
              -1.96224619235033
            ],
            [
              -49.394939203513125,
              -1.965961589911463
            ],
            [
              -49.389777864767225,
              -1.965961589911463
            ]
          ]
        ]
      }
    },
    {
      "type": "Feature",
      "properties": {
        "Nome_Voo": "AM55a",
        "Platform": "Phantom 3Advanced",
        "Datetime": "2022-11-18T00:00:00.000000Z",
        "Projeto": "HARMONIZE",
        "Nota": " ",
        "Municipio": "Cametá"
      },
      "geometry": {
        "type": "Polygon",
        "coordinates": [
          [
            [
              -49.45385024309292,
              -2.002355735310867
            ],
            [
              -49.45385024309292,
              -1.997165339531517
            ],
            [
              -49.456869496101135,
              -1.997165339531517
            ],
            [
              -49.456869496101135,
              -2.002355735310867
            ],
            [
              -49.45385024309292,
              -2.002355735310867
            ]
          ]
        ]
      }
    },
    {
      "type": "Feature",
      "properties": {
        "Nome_Voo": "AM56",
        "Platform": "Phantom 3Advanced",
        "Datetime": "2022-11-18T00:00:00.000000Z",
        "Projeto": "HARMONIZE",
        "Nota": " ",
        "Municipio": "Cametá"
      },
      "geometry": {
        "type": "Polygon",
        "coordinates": [
          [
            [
              -49.478661666694435,
              -2.141238801154993
            ],
            [
              -49.478661666694435,
              -2.137771118756149
            ],
            [
              -49.48419291433516,
              -2.137771118756149
            ],
            [
              -49.48419291433516,
              -2.141238801154993
            ],
            [
              -49.478661666694435,
              -2.141238801154993
            ]
          ]
        ]
      }
    },
    {
      "type": "Feature",
      "properties": {
        "Nome_Voo": "AM22",
        "Platform": "Phantom 3Advanced",
        "Datetime": "2022-11-17T00:00:00.000000Z",
        "Projeto": "HARMONIZE",
        "Nota": " ",
        "Municipio": "Cametá"
      },
      "geometry": {
        "type": "Polygon",
        "coordinates": [
          [
            [
              -49.519789637938466,
              -2.341986263537916
            ],
            [
              -49.519789637938466,
              -2.337722342412501
            ],
            [
              -49.52425484317241,
              -2.337722342412501
            ],
            [
              -49.52425484317241,
              -2.341986263537916
            ],
            [
              -49.519789637938466,
              -2.341986263537916
            ]
          ]
        ]
      }
    },
    {
      "type": "Feature",
      "properties": {
        "Nome_Voo": "AM52",
        "Platform": "Phantom 3Advanced",
        "Datetime": "2022-11-17T00:00:00.000000Z",
        "Projeto": "HARMONIZE",
        "Nota": " ",
        "Municipio": "Cametá"
      },
      "geometry": {
        "type": "Polygon",
        "coordinates": [
          [
            [
              -49.51645099617458,
              -2.327710076090844
            ],
            [
              -49.51645099617458,
              -2.325014793570967
            ],
            [
              -49.52182403881324,
              -2.325014793570967
            ],
            [
              -49.52182403881324,
              -2.327710076090844
            ],
            [
              -49.51645099617458,
              -2.327710076090844
            ]
          ]
        ]
      }
    },
    {
      "type": "Feature",
      "properties": {
        "Nome_Voo": "AM53",
        "Platform": "Phantom 3Advanced",
        "Datetime": "2022-11-17T00:00:00.000000Z",
        "Projeto": "HARMONIZE",
        "Nota": " ",
        "Municipio": "Cametá"
      },
      "geometry": {
        "type": "Polygon",
        "coordinates": [
          [
            [
              -49.57460116096968,
              -2.30746122448741
            ],
            [
              -49.57460116096968,
              -2.303031106517476
            ],
            [
              -49.58039548475739,
              -2.303031106517476
            ],
            [
              -49.58039548475739,
              -2.30746122448741
            ],
            [
              -49.57460116096968,
              -2.30746122448741
            ]
          ]
        ]
      }
    },
    {
      "type": "Feature",
      "properties": {
        "Nome_Voo": "AM50",
        "Platform": "Phantom 3Advanced",
        "Datetime": "2022-11-16T00:00:00.000000Z",
        "Projeto": "HARMONIZE",
        "Nota": " ",
        "Municipio": "Abaetetuba"
      },
      "geometry": {
        "type": "Polygon",
        "coordinates": [
          [
            [
              -48.93373841437949,
              -1.677619376458012
            ],
            [
              -48.93373841437949,
              -1.674839964399367
            ],
            [
              -48.938953133473625,
              -1.674839964399367
            ],
            [
              -48.938953133473625,
              -1.677619376458012
            ],
            [
              -48.93373841437949,
              -1.677619376458012
            ]
          ]
        ]
      }
    },
    {
      "type": "Feature",
      "properties": {
        "Nome_Voo": "AM50a",
        "Platform": "Phantom 3Advanced",
        "Datetime": "2022-11-16T00:00:00.000000Z",
        "Projeto": "HARMONIZE",
        "Nota": " ",
        "Municipio": "Abaetetuba"
      },
      "geometry": {
        "type": "Polygon",
        "coordinates": [
          [
            [
              -48.93793653928898,
              -1.677570196494592
            ],
            [
              -48.93793653928898,
              -1.674640288960841
            ],
            [
              -48.94260318182457,
              -1.674640288960841
            ],
            [
              -48.94260318182457,
              -1.677570196494592
            ],
            [
              -48.93793653928898,
              -1.677570196494592
            ]
          ]
        ]
      }
    },
    {
      "type": "Feature",
      "properties": {
        "Nome_Voo": "AM51",
        "Platform": "Phantom 3Advanced",
        "Datetime": "2022-11-16T00:00:00.000000Z",
        "Projeto": "HARMONIZE",
        "Nota": " ",
        "Municipio": "Abaetetuba"
      },
      "geometry": {
        "type": "Polygon",
        "coordinates": [
          [
            [
              -48.907207030354414,
              -1.711573900863169
            ],
            [
              -48.907207030354414,
              -1.706752384159984
            ],
            [
              -48.91034556908118,
              -1.706752384159984
            ],
            [
              -48.91034556908118,
              -1.711573900863169
            ],
            [
              -48.907207030354414,
              -1.711573900863169
            ]
          ]
        ]
      }
    },
    {
      "type": "Feature",
      "properties": {
        "Nome_Voo": "AM51a",
        "Platform": "Phantom 3Advanced",
        "Datetime": "2022-11-16T00:00:00.000000Z",
        "Projeto": "HARMONIZE",
        "Nota": " ",
        "Municipio": "Abaetetuba"
      },
      "geometry": {
        "type": "Polygon",
        "coordinates": [
          [
            [
              -48.90866252432403,
              -1.714684923084695
            ],
            [
              -48.90866252432403,
              -1.710280027433791
            ],
            [
              -48.91165942856082,
              -1.710280027433791
            ],
            [
              -48.91165942856082,
              -1.714684923084695
            ],
            [
              -48.90866252432403,
              -1.714684923084695
            ]
          ]
        ]
      }
    },
    {
      "type": "Feature",
      "properties": {
        "Nome_Voo": "AM06",
        "Platform": "Phantom 3Advanced",
        "Datetime": "2022-11-15T00:00:00.000000Z",
        "Projeto": "HARMONIZE",
        "Nota": " ",
        "Municipio": "Abaetetuba"
      },
      "geometry": {
        "type": "Polygon",
        "coordinates": [
          [
            [
              -48.99644675893525,
              -1.782498694959626
            ],
            [
              -48.99644675893525,
              -1.778763886782398
            ],
            [
              -49.000080579401946,
              -1.778763886782398
            ],
            [
              -49.000080579401946,
              -1.782498694959626
            ],
            [
              -48.99644675893525,
              -1.782498694959626
            ]
          ]
        ]
      }
    },
    {
      "type": "Feature",
      "properties": {
        "Nome_Voo": "AM06a",
        "Platform": "Phantom 3Advanced",
        "Datetime": "2022-11-15T00:00:00.000000Z",
        "Projeto": "HARMONIZE",
        "Nota": " ",
        "Municipio": "Abaetetuba"
      },
      "geometry": {
        "type": "Polygon",
        "coordinates": [
          [
            [
              -48.91718497406672,
              -1.74949319882897
            ],
            [
              -48.91718497406672,
              -1.743672519522467
            ],
            [
              -48.9201271627669,
              -1.743672519522467
            ],
            [
              -48.9201271627669,
              -1.74949319882897
            ],
            [
              -48.91718497406672,
              -1.74949319882897
            ]
          ]
        ]
      }
    },
    {
      "type": "Feature",
      "properties": {
        "Nome_Voo": "AM06b",
        "Platform": "Phantom 3Advanced",
        "Datetime": "2022-11-15T00:00:00.000000Z",
        "Projeto": "HARMONIZE",
        "Nota": " ",
        "Municipio": "Abaetetuba"
      },
      "geometry": {
        "type": "Polygon",
        "coordinates": [
          [
            [
              -48.874606976876436,
              -1.760506002352962
            ],
            [
              -48.874606976876436,
              -1.756216820037959
            ],
            [
              -48.879841343738164,
              -1.756216820037959
            ],
            [
              -48.879841343738164,
              -1.760506002352962
            ],
            [
              -48.874606976876436,
              -1.760506002352962
            ]
          ]
        ]
      }
    },
    {
      "type": "Feature",
      "properties": {
        "Nome_Voo": "AM07",
        "Platform": "Phantom 3Advanced",
        "Datetime": "2022-11-15T00:00:00.000000Z",
        "Projeto": "HARMONIZE",
        "Nota": " ",
        "Municipio": "Abaetetuba"
      },
      "geometry": {
        "type": "Polygon",
        "coordinates": [
          [
            [
              -49.01224013285697,
              -1.788312137633893
            ],
            [
              -49.01224013285697,
              -1.78462132616706
            ],
            [
              -49.01582055456416,
              -1.78462132616706
            ],
            [
              -49.01582055456416,
              -1.788312137633893
            ],
            [
              -49.01224013285697,
              -1.788312137633893
            ]
          ]
        ]
      }
    },
    {
      "type": "Feature",
      "properties": {
        "Nome_Voo": "AM07a",
        "Platform": "Phantom 3Advanced",
        "Datetime": "2022-11-15T00:00:00.000000Z",
        "Projeto": "HARMONIZE",
        "Nota": " ",
        "Municipio": "Abaetetuba"
      },
      "geometry": {
        "type": "Polygon",
        "coordinates": [
          [
            [
              -49.02737779254359,
              -1.777697317729517
            ],
            [
              -49.02737779254359,
              -1.773472445249044
            ],
            [
              -49.0295950424509,
              -1.773472445249044
            ],
            [
              -49.0295950424509,
              -1.777697317729517
            ],
            [
              -49.02737779254359,
              -1.777697317729517
            ]
          ]
        ]
      }
    },
    {
      "type": "Feature",
      "properties": {
        "Nome_Voo": "AM08a",
        "Platform": "Phantom 3Advanced",
        "Datetime": "2022-11-15T00:00:00.000000Z",
        "Projeto": "HARMONIZE",
        "Nota": " ",
        "Municipio": "Abaetetuba"
      },
      "geometry": {
        "type": "Polygon",
        "coordinates": [
          [
            [
              -49.05451999411546,
              -1.755246727349536
            ],
            [
              -49.05451999411546,
              -1.752367833206149
            ],
            [
              -49.05937544922524,
              -1.752367833206149
            ],
            [
              -49.05937544922524,
              -1.755246727349536
            ],
            [
              -49.05451999411546,
              -1.755246727349536
            ]
          ]
        ]
      }
    },
    {
      "type": "Feature",
      "properties": {
        "Nome_Voo": "AM03",
        "Platform": "Phantom 3Advanced",
        "Datetime": "2022-11-14T00:00:00.000000Z",
        "Projeto": "HARMONIZE",
        "Nota": " ",
        "Municipio": "Abaetetuba"
      },
      "geometry": {
        "type": "Polygon",
        "coordinates": [
          [
            [
              -48.856497042275336,
              -1.75462277167982
            ],
            [
              -48.856497042275336,
              -1.750954102927948
            ],
            [
              -48.86199904449567,
              -1.750954102927948
            ],
            [
              -48.86199904449567,
              -1.75462277167982
            ],
            [
              -48.856497042275336,
              -1.75462277167982
            ]
          ]
        ]
      }
    },
    {
      "type": "Feature",
      "properties": {
        "Nome_Voo": "AM03a",
        "Platform": "Phantom 3Advanced",
        "Datetime": "2022-11-14T00:00:00.000000Z",
        "Projeto": "HARMONIZE",
        "Nota": " ",
        "Municipio": "Abaetetuba"
      },
      "geometry": {
        "type": "Polygon",
        "coordinates": [
          [
            [
              -48.82254784794042,
              -1.75243017090749
            ],
            [
              -48.82254784794042,
              -1.747062226997215
            ],
            [
              -48.8260573878676,
              -1.747062226997215
            ],
            [
              -48.8260573878676,
              -1.75243017090749
            ],
            [
              -48.82254784794042,
              -1.75243017090749
            ]
          ]
        ]
      }
    },
    {
      "type": "Feature",
      "properties": {
        "Nome_Voo": "AM03b",
        "Platform": "Phantom 3Advanced",
        "Datetime": "2022-11-14T00:00:00.000000Z",
        "Projeto": "HARMONIZE",
        "Nota": " ",
        "Municipio": "Abaetetuba"
      },
      "geometry": {
        "type": "Polygon",
        "coordinates": [
          [
            [
              -48.823248703796075,
              -1.754810320640668
            ],
            [
              -48.823248703796075,
              -1.750426769668623
            ],
            [
              -48.82717533650911,
              -1.750426769668623
            ],
            [
              -48.82717533650911,
              -1.754810320640668
            ],
            [
              -48.823248703796075,
              -1.754810320640668
            ]
          ]
        ]
      }
    },
    {
      "type": "Feature",
      "properties": {
        "Nome_Voo": "CiniraVSE1",
        "Platform": "Mavic 3M",
        "Datetime": "2024-10-01T00:00:00.000000Z",
        "Projeto": "HARMONIZE",
        "Nota": " ",
        "Municipio": "Cametá"
      },
      "geometry": {
        "type": "Polygon",
        "coordinates": [
          [
            [
              -49.36945372589941,
              -2.51568721956786
            ],
            [
              -49.36945372589941,
              -2.506457805871572
            ],
            [
              -49.37493922798936,
              -2.506457805871572
            ],
            [
              -49.37493922798936,
              -2.51568721956786
            ],
            [
              -49.36945372589941,
              -2.51568721956786
            ]
          ]
        ]
      }
    },
    {
      "type": "Feature",
      "properties": {
        "Nome_Voo": "IcatuVSE1",
        "Platform": "Mavic 3M",
        "Datetime": "2024-10-01T00:00:00.000000Z",
        "Projeto": "HARMONIZE",
        "Nota": " ",
        "Municipio": "Baião"
      },
      "geometry": {
        "type": "Polygon",
        "coordinates": [
          [
            [
              -49.586540030723256,
              -2.679978906506437
            ],
            [
              -49.586540030723256,
              -2.669687803701748
            ],
            [
              -49.595153675007296,
              -2.669687803701748
            ],
            [
              -49.595153675007296,
              -2.679978906506437
            ],
            [
              -49.586540030723256,
              -2.679978906506437
            ]
          ]
        ]
      }
    },
    {
      "type": "Feature",
      "properties": {
        "Nome_Voo": "IcatuVSE2",
        "Platform": "Mavic 3M",
        "Datetime": "2024-10-01T00:00:00.000000Z",
        "Projeto": "HARMONIZE",
        "Nota": " ",
        "Municipio": "Baião"
      },
      "geometry": {
        "type": "Polygon",
        "coordinates": [
          [
            [
              -49.59287800032404,
              -2.686243254164374
            ],
            [
              -49.59287800032404,
              -2.677140171889777
            ],
            [
              -49.60297850334187,
              -2.677140171889777
            ],
            [
              -49.60297850334187,
              -2.686243254164374
            ],
            [
              -49.59287800032404,
              -2.686243254164374
            ]
          ]
        ]
      }
    },
    {
      "type": "Feature",
      "properties": {
        "Nome_Voo": "IcatuVSE3",
        "Platform": "Mavic 3M",
        "Datetime": "2024-10-01T00:00:00.000000Z",
        "Projeto": "HARMONIZE",
        "Nota": " ",
        "Municipio": "Baião"
      },
      "geometry": {
        "type": "Polygon",
        "coordinates": [
          [
            [
              -49.59411705360906,
              -2.688142008430644
            ],
            [
              -49.59411705360906,
              -2.67963716975305
            ],
            [
              -49.604383752210474,
              -2.67963716975305
            ],
            [
              -49.604383752210474,
              -2.688142008430644
            ],
            [
              -49.59411705360906,
              -2.688142008430644
            ]
          ]
        ]
      }
    },
    {
      "type": "Feature",
      "properties": {
        "Nome_Voo": "VilaDoCarmoVSE3",
        "Platform": "Mavic 3M",
        "Datetime": "2024-10-01T00:00:00.000000Z",
        "Projeto": "HARMONIZE",
        "Nota": " ",
        "Municipio": "Cametá"
      },
      "geometry": {
        "type": "Polygon",
        "coordinates": [
          [
            [
              -49.35360218059199,
              -2.480136329379217
            ],
            [
              -49.35360218059199,
              -2.469253999366892
            ],
            [
              -49.36346632386488,
              -2.469253999366892
            ],
            [
              -49.36346632386488,
              -2.480136329379217
            ],
            [
              -49.35360218059199,
              -2.480136329379217
            ]
          ]
        ]
      }
    },
    {
      "type": "Feature",
      "properties": {
        "Nome_Voo": "CiniraVSE2",
        "Platform": "Mavic 3M",
        "Datetime": "2024-10-01T00:00:00.000000Z",
        "Projeto": "HARMONIZE",
        "Nota": " ",
        "Municipio": "Mocajuba"
      },
      "geometry": {
        "type": "Polygon",
        "coordinates": [
          [
            [
              -49.365903389237005,
              -2.519348440214119
            ],
            [
              -49.365903389237005,
              -2.509286752137578
            ],
            [
              -49.37097852516458,
              -2.509286752137578
            ],
            [
              -49.37097852516458,
              -2.519348440214119
            ],
            [
              -49.365903389237005,
              -2.519348440214119
            ]
          ]
        ]
      }
    },
    {
      "type": "Feature",
      "properties": {
        "Nome_Voo": "CurucambabaPorto",
        "Platform": "Mavic 3M",
        "Datetime": "2024-09-30T00:00:00.000000Z",
        "Projeto": "HARMONIZE",
        "Nota": " ",
        "Municipio": "Cametá"
      },
      "geometry": {
        "type": "Polygon",
        "coordinates": [
          [
            [
              -49.315480000840274,
              -2.138038897948789
            ],
            [
              -49.315480000840274,
              -2.126542082757463
            ],
            [
              -49.32187227695325,
              -2.126542082757463
            ],
            [
              -49.32187227695325,
              -2.138038897948789
            ],
            [
              -49.315480000840274,
              -2.138038897948789
            ]
          ]
        ]
      }
    },
    {
      "type": "Feature",
      "properties": {
        "Nome_Voo": "CurucambabaVSE",
        "Platform": "Mavic 3M",
        "Datetime": "2024-09-30T00:00:00.000000Z",
        "Projeto": "HARMONIZE",
        "Nota": " ",
        "Municipio": "Cametá"
      },
      "geometry": {
        "type": "Polygon",
        "coordinates": [
          [
            [
              -49.308435440403535,
              -2.127651961542444
            ],
            [
              -49.308435440403535,
              -2.120100409897081
            ],
            [
              -49.3182309148039,
              -2.120100409897081
            ],
            [
              -49.3182309148039,
              -2.127651961542444
            ],
            [
              -49.308435440403535,
              -2.127651961542444
            ]
          ]
        ]
      }
    },
    {
      "type": "Feature",
      "properties": {
        "Nome_Voo": "CarapajoVSE",
        "Platform": "Mavic 3M",
        "Datetime": "2024-09-30T00:00:00.000000Z",
        "Projeto": "HARMONIZE",
        "Nota": " ",
        "Municipio": "Cametá"
      },
      "geometry": {
        "type": "Polygon",
        "coordinates": [
          [
            [
              -49.35478725320424,
              -2.268369872055378
            ],
            [
              -49.35478725320424,
              -2.25983373958127
            ],
            [
              -49.36464481914995,
              -2.25983373958127
            ],
            [
              -49.36464481914995,
              -2.268369872055378
            ],
            [
              -49.35478725320424,
              -2.268369872055378
            ]
          ]
        ]
      }
    },
    {
      "type": "Feature",
      "properties": {
        "Nome_Voo": "VilaDoCarmoVSE",
        "Platform": "Mavic 3M",
        "Datetime": "2024-09-30T00:00:00.000000Z",
        "Projeto": "HARMONIZE",
        "Nota": " ",
        "Municipio": "Cametá"
      },
      "geometry": {
        "type": "Polygon",
        "coordinates": [
          [
            [
              -49.43246094097293,
              -2.45603408192034
            ],
            [
              -49.43246094097293,
              -2.446691113798267
            ],
            [
              -49.4412715609871,
              -2.446691113798267
            ],
            [
              -49.4412715609871,
              -2.45603408192034
            ],
            [
              -49.43246094097293,
              -2.45603408192034
            ]
          ]
        ]
      }
    },
    {
      "type": "Feature",
      "properties": {
        "Nome_Voo": "CinturaoVerde2a",
        "Platform": "Mavic 3M",
        "Datetime": "2024-09-28T00:00:00.000000Z",
        "Projeto": "HARMONIZE",
        "Nota": " ",
        "Municipio": "Cametá"
      },
      "geometry": {
        "type": "Polygon",
        "coordinates": [
          [
            [
              -49.52081260658656,
              -2.25304275587664
            ],
            [
              -49.52081260658656,
              -2.243319314501159
            ],
            [
              -49.53240071441487,
              -2.243319314501159
            ],
            [
              -49.53240071441487,
              -2.25304275587664
            ],
            [
              -49.52081260658656,
              -2.25304275587664
            ]
          ]
        ]
      }
    },
    {
      "type": "Feature",
      "properties": {
        "Nome_Voo": "CinturaoVerde2b",
        "Platform": "Mavic 3M",
        "Datetime": "2024-09-28T00:00:00.000000Z",
        "Projeto": "HARMONIZE",
        "Nota": " ",
        "Municipio": "Cametá"
      },
      "geometry": {
        "type": "Polygon",
        "coordinates": [
          [
            [
              -49.5154489310158,
              -2.257815736719785
            ],
            [
              -49.5154489310158,
              -2.248957184646886
            ],
            [
              -49.52516964540904,
              -2.248957184646886
            ],
            [
              -49.52516964540904,
              -2.257815736719785
            ],
            [
              -49.5154489310158,
              -2.257815736719785
            ]
          ]
        ]
      }
    },
    {
      "type": "Feature",
      "properties": {
        "Nome_Voo": "AjoVSE2",
        "Platform": "Mavic 3M",
        "Datetime": "2024-09-28T00:00:00.000000Z",
        "Projeto": "HARMONIZE",
        "Nota": " ",
        "Municipio": "Cametá"
      },
      "geometry": {
        "type": "Polygon",
        "coordinates": [
          [
            [
              -49.522110991232715,
              -2.274520768445283
            ],
            [
              -49.522110991232715,
              -2.269084966582513
            ],
            [
              -49.532107742201504,
              -2.269084966582513
            ],
            [
              -49.532107742201504,
              -2.274520768445283
            ],
            [
              -49.522110991232715,
              -2.274520768445283
            ]
          ]
        ]
      }
    },
    {
      "type": "Feature",
      "properties": {
        "Nome_Voo": "AjoVSE",
        "Platform": "Mavic 3M",
        "Datetime": "2024-09-28T00:00:00.000000Z",
        "Projeto": "HARMONIZE",
        "Nota": " ",
        "Municipio": "Cametá"
      },
      "geometry": {
        "type": "Polygon",
        "coordinates": [
          [
            [
              -49.52091196865443,
              -2.286573056011484
            ],
            [
              -49.52091196865443,
              -2.279016738927288
            ],
            [
              -49.530784388109126,
              -2.279016738927288
            ],
            [
              -49.530784388109126,
              -2.286573056011484
            ],
            [
              -49.52091196865443,
              -2.286573056011484
            ]
          ]
        ]
      }
    },
    {
      "type": "Feature",
      "properties": {
        "Nome_Voo": "BaixaVerde",
        "Platform": "Mavic 3M",
        "Datetime": "2024-09-28T00:00:00.000000Z",
        "Projeto": "HARMONIZE",
        "Nota": " ",
        "Municipio": "Cametá"
      },
      "geometry": {
        "type": "Polygon",
        "coordinates": [
          [
            [
              -49.50135955176289,
              -2.259357020128224
            ],
            [
              -49.50135955176289,
              -2.249833464287068
            ],
            [
              -49.51003227820161,
              -2.249833464287068
            ],
            [
              -49.51003227820161,
              -2.259357020128224
            ],
            [
              -49.50135955176289,
              -2.259357020128224
            ]
          ]
        ]
      }
    },
    {
      "type": "Feature",
      "properties": {
        "Nome_Voo": "Caamuta1",
        "Platform": "Mavic 3M",
        "Datetime": "2024-09-28T00:00:00.000000Z",
        "Projeto": "HARMONIZE",
        "Nota": " ",
        "Municipio": "Cametá"
      },
      "geometry": {
        "type": "Polygon",
        "coordinates": [
          [
            [
              -49.532399636006886,
              -2.259223941908224
            ],
            [
              -49.532399636006886,
              -2.253007327565768
            ],
            [
              -49.543075657741554,
              -2.253007327565768
            ],
            [
              -49.543075657741554,
              -2.259223941908224
            ],
            [
              -49.532399636006886,
              -2.259223941908224
            ]
          ]
        ]
      }
    },
    {
      "type": "Feature",
      "properties": {
        "Nome_Voo": "Caamuta2",
        "Platform": "Mavic 3M",
        "Datetime": "2024-09-28T00:00:00.000000Z",
        "Projeto": "HARMONIZE",
        "Nota": " ",
        "Municipio": "Cametá"
      },
      "geometry": {
        "type": "Polygon",
        "coordinates": [
          [
            [
              -49.534252873319126,
              -2.25534175221015
            ],
            [
              -49.534252873319126,
              -2.247483695744666
            ],
            [
              -49.54321290977912,
              -2.247483695744666
            ],
            [
              -49.54321290977912,
              -2.25534175221015
            ],
            [
              -49.534252873319126,
              -2.25534175221015
            ]
          ]
        ]
      }
    },
    {
      "type": "Feature",
      "properties": {
        "Nome_Voo": "Mupi2",
        "Platform": "Mavic 3M",
        "Datetime": "2024-09-27T00:00:00.000000Z",
        "Projeto": "HARMONIZE",
        "Nota": " ",
        "Municipio": "Cametá"
      },
      "geometry": {
        "type": "Polygon",
        "coordinates": [
          [
            [
              -49.445602338698464,
              -2.104718491730082
            ],
            [
              -49.445602338698464,
              -2.096754575285471
            ],
            [
              -49.45128452852885,
              -2.096754575285471
            ],
            [
              -49.45128452852885,
              -2.104718491730082
            ],
            [
              -49.445602338698464,
              -2.104718491730082
            ]
          ]
        ]
      }
    },
    {
      "type": "Feature",
      "properties": {
        "Nome_Voo": "Mupi3VSE",
        "Platform": "Mavic 3M",
        "Datetime": "2024-09-27T00:00:00.000000Z",
        "Projeto": "HARMONIZE",
        "Nota": " ",
        "Municipio": "Cametá"
      },
      "geometry": {
        "type": "Polygon",
        "coordinates": [
          [
            [
              -49.45748674283882,
              -2.095954134153196
            ],
            [
              -49.45748674283882,
              -2.086026499556612
            ],
            [
              -49.46551748995358,
              -2.086026499556612
            ],
            [
              -49.46551748995358,
              -2.095954134153196
            ],
            [
              -49.45748674283882,
              -2.095954134153196
            ]
          ]
        ]
      }
    },
    {
      "type": "Feature",
      "properties": {
        "Nome_Voo": "Mupi4VSE",
        "Platform": "Mavic 3M",
        "Datetime": "2024-09-27T00:00:00.000000Z",
        "Projeto": "HARMONIZE",
        "Nota": " ",
        "Municipio": "Cametá"
      },
      "geometry": {
        "type": "Polygon",
        "coordinates": [
          [
            [
              -49.4766855445055,
              -2.073630935501413
            ],
            [
              -49.4766855445055,
              -2.066795452246408
            ],
            [
              -49.48528951932984,
              -2.066795452246408
            ],
            [
              -49.48528951932984,
              -2.073630935501413
            ],
            [
              -49.4766855445055,
              -2.073630935501413
            ]
          ]
        ]
      }
    },
    {
      "type": "Feature",
      "properties": {
        "Nome_Voo": "Mupi",
        "Platform": "Mavic 3M",
        "Datetime": "2024-09-27T00:00:00.000000Z",
        "Projeto": "HARMONIZE",
        "Nota": " ",
        "Municipio": "Cametá"
      },
      "geometry": {
        "type": "Polygon",
        "coordinates": [
          [
            [
              -49.46125169481515,
              -2.094378514201971
            ],
            [
              -49.46125169481515,
              -2.084800109992064
            ],
            [
              -49.469989393740335,
              -2.084800109992064
            ],
            [
              -49.469989393740335,
              -2.094378514201971
            ],
            [
              -49.46125169481515,
              -2.094378514201971
            ]
          ]
        ]
      }
    },
    {
      "type": "Feature",
      "properties": {
        "Nome_Voo": "BoaEsperanca2",
        "Platform": "Mavic 3M",
        "Datetime": "2024-09-26T00:00:00.000000Z",
        "Projeto": "HARMONIZE",
        "Nota": " ",
        "Municipio": "Cametá"
      },
      "geometry": {
        "type": "Polygon",
        "coordinates": [
          [
            [
              -49.7026736038896,
              -2.488190151581454
            ],
            [
              -49.7026736038896,
              -2.479004130586452
            ],
            [
              -49.71171244916046,
              -2.479004130586452
            ],
            [
              -49.71171244916046,
              -2.488190151581454
            ],
            [
              -49.7026736038896,
              -2.488190151581454
            ]
          ]
        ]
      }
    },
    {
      "type": "Feature",
      "properties": {
        "Nome_Voo": "BoaEsperanca",
        "Platform": "Mavic 3M",
        "Datetime": "2024-09-26T00:00:00.000000Z",
        "Projeto": "HARMONIZE",
        "Nota": " ",
        "Municipio": "Cametá"
      },
      "geometry": {
        "type": "Polygon",
        "coordinates": [
          [
            [
              -49.70666879972211,
              -2.469495421498908
            ],
            [
              -49.70666879972211,
              -2.460187786364729
            ],
            [
              -49.7159485390186,
              -2.460187786364729
            ],
            [
              -49.7159485390186,
              -2.469495421498908
            ],
            [
              -49.70666879972211,
              -2.469495421498908
            ]
          ]
        ]
      }
    },
    {
      "type": "Feature",
      "properties": {
        "Nome_Voo": "Calicado",
        "Platform": "Mavic 3M",
        "Datetime": "2024-09-26T00:00:00.000000Z",
        "Projeto": "HARMONIZE",
        "Nota": " ",
        "Municipio": "Cametá"
      },
      "geometry": {
        "type": "Polygon",
        "coordinates": [
          [
            [
              -49.68368256515981,
              -2.293813495907484
            ],
            [
              -49.68368256515981,
              -2.286581204414499
            ],
            [
              -49.693326259080365,
              -2.286581204414499
            ],
            [
              -49.693326259080365,
              -2.293813495907484
            ],
            [
              -49.68368256515981,
              -2.293813495907484
            ]
          ]
        ]
      }
    },
    {
      "type": "Feature",
      "properties": {
        "Nome_Voo": "Sulapinho",
        "Platform": "Mavic 3M",
        "Datetime": "2024-09-26T00:00:00.000000Z",
        "Projeto": "HARMONIZE",
        "Nota": " ",
        "Municipio": "Cametá"
      },
      "geometry": {
        "type": "Polygon",
        "coordinates": [
          [
            [
              -49.70550754058748,
              -2.32000928676292
            ],
            [
              -49.70550754058748,
              -2.311829044767953
            ],
            [
              -49.71544862178004,
              -2.311829044767953
            ],
            [
              -49.71544862178004,
              -2.32000928676292
            ],
            [
              -49.70550754058748,
              -2.32000928676292
            ]
          ]
        ]
      }
    },
    {
      "type": "Feature",
      "properties": {
        "Nome_Voo": "ContraMare",
        "Platform": "Mavic 3M",
        "Datetime": "2024-09-25T00:00:00.000000Z",
        "Projeto": "HARMONIZE",
        "Nota": " ",
        "Municipio": "Cametá"
      },
      "geometry": {
        "type": "Polygon",
        "coordinates": [
          [
            [
              -49.42862392653813,
              -2.103194011054864
            ],
            [
              -49.42862392653813,
              -2.093964978526205
            ],
            [
              -49.436646743655466,
              -2.093964978526205
            ],
            [
              -49.436646743655466,
              -2.103194011054864
            ],
            [
              -49.42862392653813,
              -2.103194011054864
            ]
          ]
        ]
      }
    },
    {
      "type": "Feature",
      "properties": {
        "Nome_Voo": "BombeirosCametá",
        "Platform": "Mavic 3M",
        "Datetime": "2024-09-25T00:00:00.000000Z",
        "Projeto": "HARMONIZE",
        "Nota": " ",
        "Municipio": "Cametá"
      },
      "geometry": {
        "type": "Polygon",
        "coordinates": [
          [
            [
              -49.50388513429174,
              -2.247349305993636
            ],
            [
              -49.50388513429174,
              -2.239381310273341
            ],
            [
              -49.51517715773842,
              -2.239381310273341
            ],
            [
              -49.51517715773842,
              -2.247349305993636
            ],
            [
              -49.50388513429174,
              -2.247349305993636
            ]
          ]
        ]
      }
    },
    {
      "type": "Feature",
      "properties": {
        "Nome_Voo": "CametáTaperaVSE2",
        "Platform": "Mavic 3M",
        "Datetime": "2024-09-25T00:00:00.000000Z",
        "Projeto": "HARMONIZE",
        "Nota": " ",
        "Municipio": "Cametá"
      },
      "geometry": {
        "type": "Polygon",
        "coordinates": [
          [
            [
              -49.45333905325537,
              -2.178276583796387
            ],
            [
              -49.45333905325537,
              -2.170824962367917
            ],
            [
              -49.45960765210652,
              -2.170824962367917
            ],
            [
              -49.45960765210652,
              -2.178276583796387
            ],
            [
              -49.45333905325537,
              -2.178276583796387
            ]
          ]
        ]
      }
    },
    {
      "type": "Feature",
      "properties": {
        "Nome_Voo": "CametáTaperaVSE3",
        "Platform": "Mavic 3M",
        "Datetime": "2024-09-25T00:00:00.000000Z",
        "Projeto": "HARMONIZE",
        "Nota": " ",
        "Municipio": "Cametá"
      },
      "geometry": {
        "type": "Polygon",
        "coordinates": [
          [
            [
              -49.45291894592065,
              -2.184571971334094
            ],
            [
              -49.45291894592065,
              -2.176919572931223
            ],
            [
              -49.46069284825524,
              -2.176919572931223
            ],
            [
              -49.46069284825524,
              -2.184571971334094
            ],
            [
              -49.45291894592065,
              -2.184571971334094
            ]
          ]
        ]
      }
    },
    {
      "type": "Feature",
      "properties": {
        "Nome_Voo": "CurimaCastanhal",
        "Platform": "Mavic 3M",
        "Datetime": "2024-09-24T00:00:00.000000Z",
        "Projeto": "HARMONIZE",
        "Nota": " ",
        "Municipio": "Cametá"
      },
      "geometry": {
        "type": "Polygon",
        "coordinates": [
          [
            [
              -49.49648026042817,
              -2.235791377041396
            ],
            [
              -49.49648026042817,
              -2.228082073375758
            ],
            [
              -49.502862748558776,
              -2.228082073375758
            ],
            [
              -49.502862748558776,
              -2.235791377041396
            ],
            [
              -49.49648026042817,
              -2.235791377041396
            ]
          ]
        ]
      }
    },
    {
      "type": "Feature",
      "properties": {
        "Nome_Voo": "Lixao",
        "Platform": "Mavic 3M",
        "Datetime": "2024-09-24T00:00:00.000000Z",
        "Projeto": "HARMONIZE",
        "Nota": " ",
        "Municipio": "Cametá"
      },
      "geometry": {
        "type": "Polygon",
        "coordinates": [
          [
            [
              -49.498834800378624,
              -2.220639920223592
            ],
            [
              -49.498834800378624,
              -2.215644842487452
            ],
            [
              -49.51009660865907,
              -2.215644842487452
            ],
            [
              -49.51009660865907,
              -2.220639920223592
            ],
            [
              -49.498834800378624,
              -2.220639920223592
            ]
          ]
        ]
      }
    },
    {
      "type": "Feature",
      "properties": {
        "Nome_Voo": "Mataquiri",
        "Platform": "Mavic 3M",
        "Datetime": "2024-09-24T00:00:00.000000Z",
        "Projeto": "HARMONIZE",
        "Nota": " ",
        "Municipio": "Cametá"
      },
      "geometry": {
        "type": "Polygon",
        "coordinates": [
          [
            [
              -49.50375804343112,
              -2.209076990109955
            ],
            [
              -49.50375804343112,
              -2.199863465409107
            ],
            [
              -49.51190325253188,
              -2.199863465409107
            ],
            [
              -49.51190325253188,
              -2.209076990109955
            ],
            [
              -49.50375804343112,
              -2.209076990109955
            ]
          ]
        ]
      }
    },
    {
      "type": "Feature",
      "properties": {
        "Nome_Voo": "BairroNovo1",
        "Platform": "Mavic 3M",
        "Datetime": "2024-09-24T00:00:00.000000Z",
        "Projeto": "HARMONIZE",
        "Nota": " ",
        "Municipio": "Cametá"
      },
      "geometry": {
        "type": "Polygon",
        "coordinates": [
          [
            [
              -49.50331257551143,
              -2.240735956435328
            ],
            [
              -49.50331257551143,
              -2.231655732973712
            ],
            [
              -49.51289740679889,
              -2.231655732973712
            ],
            [
              -49.51289740679889,
              -2.240735956435328
            ],
            [
              -49.50331257551143,
              -2.240735956435328
            ]
          ]
        ]
      }
    },
    {
      "type": "Feature",
      "properties": {
        "Nome_Voo": "BairroNovo2",
        "Platform": "Mavic 3M",
        "Datetime": "2024-09-24T00:00:00.000000Z",
        "Projeto": "HARMONIZE",
        "Nota": " ",
        "Municipio": "Cametá"
      },
      "geometry": {
        "type": "Polygon",
        "coordinates": [
          [
            [
              -49.50059532084232,
              -2.242706060571954
            ],
            [
              -49.50059532084232,
              -2.234484689437592
            ],
            [
              -49.510043340037214,
              -2.234484689437592
            ],
            [
              -49.510043340037214,
              -2.242706060571954
            ],
            [
              -49.50059532084232,
              -2.242706060571954
            ]
          ]
        ]
      }
    },
    {
      "type": "Feature",
      "properties": {
        "Nome_Voo": "Roma",
        "Platform": "Mavic 3M",
        "Datetime": "2024-09-24T00:00:00.000000Z",
        "Projeto": "HARMONIZE",
        "Nota": " ",
        "Municipio": "Cametá"
      },
      "geometry": {
        "type": "Polygon",
        "coordinates": [
          [
            [
              -49.501133295300164,
              -2.234297467891923
            ],
            [
              -49.501133295300164,
              -2.227492851375135
            ],
            [
              -49.51193198822854,
              -2.227492851375135
            ],
            [
              -49.51193198822854,
              -2.234297467891923
            ],
            [
              -49.501133295300164,
              -2.234297467891923
            ]
          ]
        ]
      }
    },
    {
      "type": "Feature",
      "properties": {
        "Nome_Voo": "Acapuquara1",
        "Platform": "Mavic 3M",
        "Datetime": "2024-09-22T00:00:00.000000Z",
        "Projeto": "HARMONIZE",
        "Nota": " ",
        "Municipio": "Mocajuba"
      },
      "geometry": {
        "type": "Polygon",
        "coordinates": [
          [
            [
              -49.513609512868804,
              -2.621060759182555
            ],
            [
              -49.513609512868804,
              -2.611828731079479
            ],
            [
              -49.52276996379808,
              -2.611828731079479
            ],
            [
              -49.52276996379808,
              -2.621060759182555
            ],
            [
              -49.513609512868804,
              -2.621060759182555
            ]
          ]
        ]
      }
    },
    {
      "type": "Feature",
      "properties": {
        "Nome_Voo": "MocajV07",
        "Platform": "Mavic 3M",
        "Datetime": "2024-09-22T00:00:00.000000Z",
        "Projeto": "HARMONIZE",
        "Nota": " ",
        "Municipio": "Mocajuba"
      },
      "geometry": {
        "type": "Polygon",
        "coordinates": [
          [
            [
              -49.49069168599283,
              -2.590852664931593
            ],
            [
              -49.49069168599283,
              -2.582029358209721
            ],
            [
              -49.499171682709125,
              -2.582029358209721
            ],
            [
              -49.499171682709125,
              -2.590852664931593
            ],
            [
              -49.49069168599283,
              -2.590852664931593
            ]
          ]
        ]
      }
    },
    {
      "type": "Feature",
      "properties": {
        "Nome_Voo": "MocajV08",
        "Platform": "Mavic 3M",
        "Datetime": "2024-09-22T00:00:00.000000Z",
        "Projeto": "HARMONIZE",
        "Nota": " ",
        "Municipio": "Mocajuba"
      },
      "geometry": {
        "type": "Polygon",
        "coordinates": [
          [
            [
              -49.50408454795605,
              -2.599524787289119
            ],
            [
              -49.50408454795605,
              -2.592343353708083
            ],
            [
              -49.51164545203756,
              -2.592343353708083
            ],
            [
              -49.51164545203756,
              -2.599524787289119
            ],
            [
              -49.50408454795605,
              -2.599524787289119
            ]
          ]
        ]
      }
    },
    {
      "type": "Feature",
      "properties": {
        "Nome_Voo": "Acapuquara2",
        "Platform": "Mavic 3M",
        "Datetime": "2024-09-21T00:00:00.000000Z",
        "Projeto": "HARMONIZE",
        "Nota": " ",
        "Municipio": "Mocajuba"
      },
      "geometry": {
        "type": "Polygon",
        "coordinates": [
          [
            [
              -49.50887853289957,
              -2.61785673717861
            ],
            [
              -49.50887853289957,
              -2.608816874688167
            ],
            [
              -49.518541731359775,
              -2.608816874688167
            ],
            [
              -49.518541731359775,
              -2.61785673717861
            ],
            [
              -49.50887853289957,
              -2.61785673717861
            ]
          ]
        ]
      }
    },
    {
      "type": "Feature",
      "properties": {
        "Nome_Voo": "Tauajo1",
        "Platform": "Mavic 3M",
        "Datetime": "2024-09-21T00:00:00.000000Z",
        "Projeto": "HARMONIZE",
        "Nota": " ",
        "Municipio": "Cametá"
      },
      "geometry": {
        "type": "Polygon",
        "coordinates": [
          [
            [
              -49.32258223362668,
              -2.183714457677777
            ],
            [
              -49.32258223362668,
              -2.17391756296442
            ],
            [
              -49.32881403220655,
              -2.17391756296442
            ],
            [
              -49.32881403220655,
              -2.183714457677777
            ],
            [
              -49.32258223362668,
              -2.183714457677777
            ]
          ]
        ]
      }
    },
    {
      "type": "Feature",
      "properties": {
        "Nome_Voo": "Tauajo2",
        "Platform": "Mavic 3M",
        "Datetime": "2024-09-21T00:00:00.000000Z",
        "Projeto": "HARMONIZE",
        "Nota": " ",
        "Municipio": "Cametá"
      },
      "geometry": {
        "type": "Polygon",
        "coordinates": [
          [
            [
              -49.32193071763498,
              -2.17581560409234
            ],
            [
              -49.32193071763498,
              -2.166768679934039
            ],
            [
              -49.327716337870406,
              -2.166768679934039
            ],
            [
              -49.327716337870406,
              -2.17581560409234
            ],
            [
              -49.32193071763498,
              -2.17581560409234
            ]
          ]
        ]
      }
    },
    {
      "type": "Feature",
      "properties": {
        "Nome_Voo": "Cenira",
        "Platform": "Mavic 3M",
        "Datetime": "2024-09-21T00:00:00.000000Z",
        "Projeto": "HARMONIZE",
        "Nota": " ",
        "Municipio": "Mocajuba"
      },
      "geometry": {
        "type": "Polygon",
        "coordinates": [
          [
            [
              -49.27413519879411,
              -2.511479243859978
            ],
            [
              -49.27413519879411,
              -2.505245065772462
            ],
            [
              -49.28138667409498,
              -2.505245065772462
            ],
            [
              -49.28138667409498,
              -2.511479243859978
            ],
            [
              -49.27413519879411,
              -2.511479243859978
            ]
          ]
        ]
      }
    },
    {
      "type": "Feature",
      "properties": {
        "Nome_Voo": "Icatu1",
        "Platform": "Mavic 3M",
        "Datetime": "2024-09-20T00:00:00.000000Z",
        "Projeto": "HARMONIZE",
        "Nota": " ",
        "Municipio": "Baião"
      },
      "geometry": {
        "type": "Polygon",
        "coordinates": [
          [
            [
              -49.58942913352028,
              -2.677101301563231
            ],
            [
              -49.58942913352028,
              -2.668470655740195
            ],
            [
              -49.59769328550326,
              -2.668470655740195
            ],
            [
              -49.59769328550326,
              -2.677101301563231
            ],
            [
              -49.58942913352028,
              -2.677101301563231
            ]
          ]
        ]
      }
    },
    {
      "type": "Feature",
      "properties": {
        "Nome_Voo": "Icatu2",
        "Platform": "Mavic 3M",
        "Datetime": "2024-09-20T00:00:00.000000Z",
        "Projeto": "HARMONIZE",
        "Nota": " ",
        "Municipio": "Baião"
      },
      "geometry": {
        "type": "Polygon",
        "coordinates": [
          [
            [
              -49.5917632635499,
              -2.682042788241843
            ],
            [
              -49.5917632635499,
              -2.673066066055637
            ],
            [
              -49.59874860115832,
              -2.673066066055637
            ],
            [
              -49.59874860115832,
              -2.682042788241843
            ],
            [
              -49.5917632635499,
              -2.682042788241843
            ]
          ]
        ]
      }
    },
    {
      "type": "Feature",
      "properties": {
        "Nome_Voo": "MocajV04",
        "Platform": "Mavic 3M",
        "Datetime": "2024-09-20T00:00:00.000000Z",
        "Projeto": "HARMONIZE",
        "Nota": " ",
        "Municipio": "Mocajuba"
      },
      "geometry": {
        "type": "Polygon",
        "coordinates": [
          [
            [
              -49.493997752859904,
              -2.586033938991363
            ],
            [
              -49.493997752859904,
              -2.577155468882494
            ],
            [
              -49.50152791458491,
              -2.577155468882494
            ],
            [
              -49.50152791458491,
              -2.586033938991363
            ],
            [
              -49.493997752859904,
              -2.586033938991363
            ]
          ]
        ]
      }
    },
    {
      "type": "Feature",
      "properties": {
        "Nome_Voo": "MocajV05a",
        "Platform": "Mavic 3M",
        "Datetime": "2024-09-20T00:00:00.000000Z",
        "Projeto": "HARMONIZE",
        "Nota": " ",
        "Municipio": "Mocajuba"
      },
      "geometry": {
        "type": "Polygon",
        "coordinates": [
          [
            [
              -49.50201960003948,
              -2.576229364598377
            ],
            [
              -49.50201960003948,
              -2.570998762149442
            ],
            [
              -49.51114215346017,
              -2.570998762149442
            ],
            [
              -49.51114215346017,
              -2.576229364598377
            ],
            [
              -49.50201960003948,
              -2.576229364598377
            ]
          ]
        ]
      }
    },
    {
      "type": "Feature",
      "properties": {
        "Nome_Voo": "MocajV05b",
        "Platform": "Mavic 3M",
        "Datetime": "2024-09-20T00:00:00.000000Z",
        "Projeto": "HARMONIZE",
        "Nota": " ",
        "Municipio": "Mocajuba"
      },
      "geometry": {
        "type": "Polygon",
        "coordinates": [
          [
            [
              -49.5009435947595,
              -2.572882294903691
            ],
            [
              -49.5009435947595,
              -2.566555353326979
            ],
            [
              -49.51011321659576,
              -2.566555353326979
            ],
            [
              -49.51011321659576,
              -2.572882294903691
            ],
            [
              -49.5009435947595,
              -2.572882294903691
            ]
          ]
        ]
      }
    },
    {
      "type": "Feature",
      "properties": {
        "Nome_Voo": "MocajV06a",
        "Platform": "Mavic 3M",
        "Datetime": "2024-09-20T00:00:00.000000Z",
        "Projeto": "HARMONIZE",
        "Nota": " ",
        "Municipio": "Mocajuba"
      },
      "geometry": {
        "type": "Polygon",
        "coordinates": [
          [
            [
              -49.496958660996974,
              -2.576285539308999
            ],
            [
              -49.496958660996974,
              -2.569413567648982
            ],
            [
              -49.504161560930775,
              -2.569413567648982
            ],
            [
              -49.504161560930775,
              -2.576285539308999
            ],
            [
              -49.496958660996974,
              -2.576285539308999
            ]
          ]
        ]
      }
    },
    {
      "type": "Feature",
      "properties": {
        "Nome_Voo": "MocajV06b",
        "Platform": "Mavic 3M",
        "Datetime": "2024-09-20T00:00:00.000000Z",
        "Projeto": "HARMONIZE",
        "Nota": " ",
        "Municipio": "Mocajuba"
      },
      "geometry": {
        "type": "Polygon",
        "coordinates": [
          [
            [
              -49.4949731421132,
              -2.571918716938422
            ],
            [
              -49.4949731421132,
              -2.565885493152662
            ],
            [
              -49.50340109729068,
              -2.565885493152662
            ],
            [
              -49.50340109729068,
              -2.571918716938422
            ],
            [
              -49.4949731421132,
              -2.571918716938422
            ]
          ]
        ]
      }
    },
    {
      "type": "Feature",
      "properties": {
        "Nome_Voo": "Mangabeira2a",
        "Platform": "Mavic 3M",
        "Datetime": "2024-09-19T00:00:00.000000Z",
        "Projeto": "HARMONIZE",
        "Nota": " ",
        "Municipio": "Mocajuba"
      },
      "geometry": {
        "type": "Polygon",
        "coordinates": [
          [
            [
              -49.61032542294933,
              -2.613395941307261
            ],
            [
              -49.61032542294933,
              -2.60863358316888
            ],
            [
              -49.62011302201163,
              -2.60863358316888
            ],
            [
              -49.62011302201163,
              -2.613395941307261
            ],
            [
              -49.61032542294933,
              -2.613395941307261
            ]
          ]
        ]
      }
    },
    {
      "type": "Feature",
      "properties": {
        "Nome_Voo": "Mangabeira2b",
        "Platform": "Mavic 3M",
        "Datetime": "2024-09-19T00:00:00.000000Z",
        "Projeto": "HARMONIZE",
        "Nota": " ",
        "Municipio": "Mocajuba"
      },
      "geometry": {
        "type": "Polygon",
        "coordinates": [
          [
            [
              -49.6183285291559,
              -2.614228829184772
            ],
            [
              -49.6183285291559,
              -2.608709500502682
            ],
            [
              -49.627635226643065,
              -2.608709500502682
            ],
            [
              -49.627635226643065,
              -2.614228829184772
            ],
            [
              -49.6183285291559,
              -2.614228829184772
            ]
          ]
        ]
      }
    },
    {
      "type": "Feature",
      "properties": {
        "Nome_Voo": "Mangabeira2c",
        "Platform": "Mavic 3M",
        "Datetime": "2024-09-19T00:00:00.000000Z",
        "Projeto": "HARMONIZE",
        "Nota": " ",
        "Municipio": "Mocajuba"
      },
      "geometry": {
        "type": "Polygon",
        "coordinates": [
          [
            [
              -49.626286825168606,
              -2.613972242382503
            ],
            [
              -49.626286825168606,
              -2.609467075912103
            ],
            [
              -49.63579155293271,
              -2.609467075912103
            ],
            [
              -49.63579155293271,
              -2.613972242382503
            ],
            [
              -49.626286825168606,
              -2.613972242382503
            ]
          ]
        ]
      }
    },
    {
      "type": "Feature",
      "properties": {
        "Nome_Voo": "SantaLuzia",
        "Platform": "Mavic 3M",
        "Datetime": "2024-09-19T00:00:00.000000Z",
        "Projeto": "HARMONIZE",
        "Nota": " ",
        "Municipio": "Mocajuba"
      },
      "geometry": {
        "type": "Polygon",
        "coordinates": [
          [
            [
              -49.63419295730345,
              -2.614196820446805
            ],
            [
              -49.63419295730345,
              -2.609226981495371
            ],
            [
              -49.643917013394045,
              -2.609226981495371
            ],
            [
              -49.643917013394045,
              -2.614196820446805
            ],
            [
              -49.63419295730345,
              -2.614196820446805
            ]
          ]
        ]
      }
    },
    {
      "type": "Feature",
      "properties": {
        "Nome_Voo": "Vizania2",
        "Platform": "Mavic 3M",
        "Datetime": "2024-09-19T00:00:00.000000Z",
        "Projeto": "HARMONIZE",
        "Nota": " ",
        "Municipio": "Mocajuba"
      },
      "geometry": {
        "type": "Polygon",
        "coordinates": [
          [
            [
              -49.55655941271243,
              -2.542144432995039
            ],
            [
              -49.55655941271243,
              -2.533648726788885
            ],
            [
              -49.56474216683036,
              -2.533648726788885
            ],
            [
              -49.56474216683036,
              -2.542144432995039
            ],
            [
              -49.55655941271243,
              -2.542144432995039
            ]
          ]
        ]
      }
    },
    {
      "type": "Feature",
      "properties": {
        "Nome_Voo": "MerajubaE1",
        "Platform": "Mavic 3M",
        "Datetime": "2024-09-18T00:00:00.000000Z",
        "Projeto": "HARMONIZE",
        "Nota": " ",
        "Municipio": "Cametá"
      },
      "geometry": {
        "type": "Polygon",
        "coordinates": [
          [
            [
              -49.459136127616254,
              -2.518669275697384
            ],
            [
              -49.459136127616254,
              -2.511357165218327
            ],
            [
              -49.468324048313434,
              -2.511357165218327
            ],
            [
              -49.468324048313434,
              -2.518669275697384
            ],
            [
              -49.459136127616254,
              -2.518669275697384
            ]
          ]
        ]
      }
    },
    {
      "type": "Feature",
      "properties": {
        "Nome_Voo": "Merajuba",
        "Platform": "Mavic 3M",
        "Datetime": "2024-09-18T00:00:00.000000Z",
        "Projeto": "HARMONIZE",
        "Nota": " ",
        "Municipio": "Cametá"
      },
      "geometry": {
        "type": "Polygon",
        "coordinates": [
          [
            [
              -49.46424441805899,
              -2.51912791101815
            ],
            [
              -49.46424441805899,
              -2.509140739360386
            ],
            [
              -49.47096427065458,
              -2.509140739360386
            ],
            [
              -49.47096427065458,
              -2.51912791101815
            ],
            [
              -49.46424441805899,
              -2.51912791101815
            ]
          ]
        ]
      }
    },
    {
      "type": "Feature",
      "properties": {
        "Nome_Voo": "Areiao1",
        "Platform": "Mavic 3M",
        "Datetime": "2024-09-18T00:00:00.000000Z",
        "Projeto": "HARMONIZE",
        "Nota": " ",
        "Municipio": "Cametá"
      },
      "geometry": {
        "type": "Polygon",
        "coordinates": [
          [
            [
              -49.418924416270826,
              -2.499910741687819
            ],
            [
              -49.418924416270826,
              -2.49146184275527
            ],
            [
              -49.42759689991606,
              -2.49146184275527
            ],
            [
              -49.42759689991606,
              -2.499910741687819
            ],
            [
              -49.418924416270826,
              -2.499910741687819
            ]
          ]
        ]
      }
    },
    {
      "type": "Feature",
      "properties": {
        "Nome_Voo": "Areiao2",
        "Platform": "Mavic 3M",
        "Datetime": "2024-09-18T00:00:00.000000Z",
        "Projeto": "HARMONIZE",
        "Nota": " ",
        "Municipio": "Cametá"
      },
      "geometry": {
        "type": "Polygon",
        "coordinates": [
          [
            [
              -49.41762795448245,
              -2.505217916303629
            ],
            [
              -49.41762795448245,
              -2.496467182532228
            ],
            [
              -49.42632177919229,
              -2.496467182532228
            ],
            [
              -49.42632177919229,
              -2.505217916303629
            ],
            [
              -49.41762795448245,
              -2.505217916303629
            ]
          ]
        ]
      }
    },
    {
      "type": "Feature",
      "properties": {
        "Nome_Voo": "MocajV01",
        "Platform": "Mavic 3M",
        "Datetime": "2024-09-17T00:00:00.000000Z",
        "Projeto": "HARMONIZE",
        "Nota": " ",
        "Municipio": "Mocajuba"
      },
      "geometry": {
        "type": "Polygon",
        "coordinates": [
          [
            [
              -49.502274153831785,
              -2.589401303779329
            ],
            [
              -49.502274153831785,
              -2.583244683278064
            ],
            [
              -49.51188382741104,
              -2.583244683278064
            ],
            [
              -49.51188382741104,
              -2.589401303779329
            ],
            [
              -49.502274153831785,
              -2.589401303779329
            ]
          ]
        ]
      }
    },
    {
      "type": "Feature",
      "properties": {
        "Nome_Voo": "MocajV02",
        "Platform": "Mavic 3M",
        "Datetime": "2024-09-17T00:00:00.000000Z",
        "Projeto": "HARMONIZE",
        "Nota": " ",
        "Municipio": "Mocajuba"
      },
      "geometry": {
        "type": "Polygon",
        "coordinates": [
          [
            [
              -49.49866511788787,
              -2.586144844122394
            ],
            [
              -49.49866511788787,
              -2.577434761161092
            ],
            [
              -49.50675003168011,
              -2.577434761161092
            ],
            [
              -49.50675003168011,
              -2.586144844122394
            ],
            [
              -49.49866511788787,
              -2.586144844122394
            ]
          ]
        ]
      }
    },
    {
      "type": "Feature",
      "properties": {
        "Nome_Voo": "MocajV03",
        "Platform": "Mavic 3M",
        "Datetime": "2024-09-17T00:00:00.000000Z",
        "Projeto": "HARMONIZE",
        "Nota": " ",
        "Municipio": "Mocajuba"
      },
      "geometry": {
        "type": "Polygon",
        "coordinates": [
          [
            [
              -49.503074254801454,
              -2.581658863090086
            ],
            [
              -49.503074254801454,
              -2.574516608803956
            ],
            [
              -49.51129825602154,
              -2.574516608803956
            ],
            [
              -49.51129825602154,
              -2.581658863090086
            ],
            [
              -49.503074254801454,
              -2.581658863090086
            ]
          ]
        ]
      }
    },
    {
      "type": "Feature",
      "properties": {
        "Nome_Voo": "Aeroporto",
        "Platform": "Mavic 3M",
        "Datetime": "2024-07-19T00:00:00.000000Z",
        "Projeto": "HARMONIZE",
        "Nota": " ",
        "Municipio": "Patos"
      },
      "geometry": {
        "type": "Polygon",
        "coordinates": [
          [
            [
              -37.246619670380895,
              -7.032410752345143
            ],
            [
              -37.246619670380895,
              -7.026510190073518
            ],
            [
              -37.25344027249984,
              -7.026510190073518
            ],
            [
              -37.25344027249984,
              -7.032410752345143
            ],
            [
              -37.246619670380895,
              -7.032410752345143
            ]
          ]
        ]
      }
    },
    {
      "type": "Feature",
      "properties": {
        "Nome_Voo": "Brasilia",
        "Platform": "Mavic 3M",
        "Datetime": "2024-07-19T00:00:00.000000Z",
        "Projeto": "HARMONIZE",
        "Nota": " ",
        "Municipio": "Patos"
      },
      "geometry": {
        "type": "Polygon",
        "coordinates": [
          [
            [
              -37.26711043360719,
              -7.02858906281092
            ],
            [
              -37.26711043360719,
              -7.020088640483898
            ],
            [
              -37.27522707822522,
              -7.020088640483898
            ],
            [
              -37.27522707822522,
              -7.02858906281092
            ],
            [
              -37.26711043360719,
              -7.02858906281092
            ]
          ]
        ]
      }
    },
    {
      "type": "Feature",
      "properties": {
        "Nome_Voo": "NovaConquista",
        "Platform": "Mavic 3M",
        "Datetime": "2024-07-19T00:00:00.000000Z",
        "Projeto": "HARMONIZE",
        "Nota": " ",
        "Municipio": "Patos"
      },
      "geometry": {
        "type": "Polygon",
        "coordinates": [
          [
            [
              -37.277632966329435,
              -7.066704577041858
            ],
            [
              -37.277632966329435,
              -7.057939280729646
            ],
            [
              -37.28533889311115,
              -7.057939280729646
            ],
            [
              -37.28533889311115,
              -7.066704577041858
            ],
            [
              -37.277632966329435,
              -7.066704577041858
            ]
          ]
        ]
      }
    },
    {
      "type": "Feature",
      "properties": {
        "Nome_Voo": "Cariri",
        "Platform": "Mavic 3M",
        "Datetime": "2024-07-18T00:00:00.000000Z",
        "Projeto": "HARMONIZE",
        "Nota": " ",
        "Municipio": "Mãe D'Água"
      },
      "geometry": {
        "type": "Polygon",
        "coordinates": [
          [
            [
              -37.27759143803282,
              -7.066731857373538
            ],
            [
              -37.27759143803282,
              -7.057911124406433
            ],
            [
              -37.28464472104095,
              -7.057911124406433
            ],
            [
              -37.28464472104095,
              -7.066731857373538
            ],
            [
              -37.27759143803282,
              -7.066731857373538
            ]
          ]
        ]
      }
    },
    {
      "type": "Feature",
      "properties": {
        "Nome_Voo": "MaeDAgua1",
        "Platform": "Mavic 3M",
        "Datetime": "2024-07-18T00:00:00.000000Z",
        "Projeto": "HARMONIZE",
        "Nota": " ",
        "Municipio": "Mãe D'Água"
      },
      "geometry": {
        "type": "Polygon",
        "coordinates": [
          [
            [
              -37.42195692299285,
              -7.262235120909052
            ],
            [
              -37.42195692299285,
              -7.254759153833451
            ],
            [
              -37.430092356388,
              -7.254759153833451
            ],
            [
              -37.430092356388,
              -7.262235120909052
            ],
            [
              -37.42195692299285,
              -7.262235120909052
            ]
          ]
        ]
      }
    },
    {
      "type": "Feature",
      "properties": {
        "Nome_Voo": "MaeDAgua2",
        "Platform": "Mavic 3M",
        "Datetime": "2024-07-18T00:00:00.000000Z",
        "Projeto": "HARMONIZE",
        "Nota": " ",
        "Municipio": "Mãe D'Água"
      },
      "geometry": {
        "type": "Polygon",
        "coordinates": [
          [
            [
              -37.425829160153,
              -7.258948316652165
            ],
            [
              -37.425829160153,
              -7.251960824220387
            ],
            [
              -37.43310305382739,
              -7.251960824220387
            ],
            [
              -37.43310305382739,
              -7.258948316652165
            ],
            [
              -37.425829160153,
              -7.258948316652165
            ]
          ]
        ]
      }
    },
    {
      "type": "Feature",
      "properties": {
        "Nome_Voo": "SitioCovao",
        "Platform": "Mavic 3M",
        "Datetime": "2024-07-18T00:00:00.000000Z",
        "Projeto": "HARMONIZE",
        "Nota": " ",
        "Municipio": "Mãe D'Água"
      },
      "geometry": {
        "type": "Polygon",
        "coordinates": [
          [
            [
              -37.468883950057275,
              -7.243806777977569
            ],
            [
              -37.468883950057275,
              -7.235949252750759
            ],
            [
              -37.47376413452741,
              -7.235949252750759
            ],
            [
              -37.47376413452741,
              -7.243806777977569
            ],
            [
              -37.468883950057275,
              -7.243806777977569
            ]
          ]
        ]
      }
    },
    {
      "type": "Feature",
      "properties": {
        "Nome_Voo": "CruzDaMenina",
        "Platform": "Mavic 3M",
        "Datetime": "2024-07-17T00:00:00.000000Z",
        "Projeto": "HARMONIZE",
        "Nota": " ",
        "Municipio": "Patos"
      },
      "geometry": {
        "type": "Polygon",
        "coordinates": [
          [
            [
              -37.29743389355953,
              -7.012994612105499
            ],
            [
              -37.29743389355953,
              -7.005144681962622
            ],
            [
              -37.304789036674386,
              -7.005144681962622
            ],
            [
              -37.304789036674386,
              -7.012994612105499
            ],
            [
              -37.29743389355953,
              -7.012994612105499
            ]
          ]
        ]
      }
    },
    {
      "type": "Feature",
      "properties": {
        "Nome_Voo": "Matadouro",
        "Platform": "Mavic 3M",
        "Datetime": "2024-07-17T00:00:00.000000Z",
        "Projeto": "HARMONIZE",
        "Nota": " ",
        "Municipio": "Patos"
      },
      "geometry": {
        "type": "Polygon",
        "coordinates": [
          [
            [
              -37.27006315373259,
              -7.006927631943911
            ],
            [
              -37.27006315373259,
              -7.000950472875465
            ],
            [
              -37.276765437501346,
              -7.000950472875465
            ],
            [
              -37.276765437501346,
              -7.006927631943911
            ],
            [
              -37.27006315373259,
              -7.006927631943911
            ]
          ]
        ]
      }
    },
    {
      "type": "Feature",
      "properties": {
        "Nome_Voo": "SeteCasas",
        "Platform": "Mavic 3M",
        "Datetime": "2024-07-17T00:00:00.000000Z",
        "Projeto": "HARMONIZE",
        "Nota": " ",
        "Municipio": "Patos"
      },
      "geometry": {
        "type": "Polygon",
        "coordinates": [
          [
            [
              -37.254510432843794,
              -7.016113272909293
            ],
            [
              -37.254510432843794,
              -7.0110555182614
            ],
            [
              -37.26285809196909,
              -7.0110555182614
            ],
            [
              -37.26285809196909,
              -7.016113272909293
            ],
            [
              -37.254510432843794,
              -7.016113272909293
            ]
          ]
        ]
      }
    },
    {
      "type": "Feature",
      "properties": {
        "Nome_Voo": "Trincheiras",
        "Platform": "Mavic 3M",
        "Datetime": "2024-07-17T00:00:00.000000Z",
        "Projeto": "HARMONIZE",
        "Nota": " ",
        "Municipio": "Patos"
      },
      "geometry": {
        "type": "Polygon",
        "coordinates": [
          [
            [
              -37.273890556662494,
              -6.967465992120092
            ],
            [
              -37.273890556662494,
              -6.960537781317511
            ],
            [
              -37.281290333704334,
              -6.960537781317511
            ],
            [
              -37.281290333704334,
              -6.967465992120092
            ],
            [
              -37.273890556662494,
              -6.967465992120092
            ]
          ]
        ]
      }
    },
    {
      "type": "Feature",
      "properties": {
        "Nome_Voo": "BivarOlinto1",
        "Platform": "Mavic 3M",
        "Datetime": "2024-07-16T00:00:00.000000Z",
        "Projeto": "HARMONIZE",
        "Nota": " ",
        "Municipio": "Patos"
      },
      "geometry": {
        "type": "Polygon",
        "coordinates": [
          [
            [
              -37.29685408965977,
              -7.040624941833237
            ],
            [
              -37.29685408965977,
              -7.036195652103294
            ],
            [
              -37.305300503249164,
              -7.036195652103294
            ],
            [
              -37.305300503249164,
              -7.040624941833237
            ],
            [
              -37.29685408965977,
              -7.040624941833237
            ]
          ]
        ]
      }
    },
    {
      "type": "Feature",
      "properties": {
        "Nome_Voo": "BivarOlinto2",
        "Platform": "Mavic 3M",
        "Datetime": "2024-07-16T00:00:00.000000Z",
        "Projeto": "HARMONIZE",
        "Nota": " ",
        "Municipio": "Patos"
      },
      "geometry": {
        "type": "Polygon",
        "coordinates": [
          [
            [
              -37.30109315931829,
              -7.040914363932768
            ],
            [
              -37.30109315931829,
              -7.03556696856094
            ],
            [
              -37.30990823832594,
              -7.03556696856094
            ],
            [
              -37.30990823832594,
              -7.040914363932768
            ],
            [
              -37.30109315931829,
              -7.040914363932768
            ]
          ]
        ]
      }
    },
    {
      "type": "Feature",
      "properties": {
        "Nome_Voo": "Universidade",
        "Platform": "Mavic 3M",
        "Datetime": "2024-07-16T00:00:00.000000Z",
        "Projeto": "HARMONIZE",
        "Nota": " ",
        "Municipio": "Patos"
      },
      "geometry": {
        "type": "Polygon",
        "coordinates": [
          [
            [
              -37.270554432798804,
              -7.061640279940548
            ],
            [
              -37.270554432798804,
              -7.056825276482431
            ],
            [
              -37.27857696654148,
              -7.056825276482431
            ],
            [
              -37.27857696654148,
              -7.061640279940548
            ],
            [
              -37.270554432798804,
              -7.061640279940548
            ]
          ]
        ]
      }
    },
    {
      "type": "Feature",
      "properties": {
        "Nome_Voo": "ContraMare",
        "Platform": "Mavic 3M",
        "Datetime": "2023-11-14T00:00:00.000000Z",
        "Projeto": "HARMONIZE",
        "Nota": " ",
        "Municipio": "Cametá"
      },
      "geometry": {
        "type": "Polygon",
        "coordinates": [
          [
            [
              -49.428994448949425,
              -2.102716647593465
            ],
            [
              -49.428994448949425,
              -2.094081576455694
            ],
            [
              -49.436209808166524,
              -2.094081576455694
            ],
            [
              -49.436209808166524,
              -2.102716647593465
            ],
            [
              -49.428994448949425,
              -2.102716647593465
            ]
          ]
        ]
      }
    },
    {
      "type": "Feature",
      "properties": {
        "Nome_Voo": "CametáTapera",
        "Platform": "Mavic 3M",
        "Datetime": "2023-11-14T00:00:00.000000Z",
        "Projeto": "HARMONIZE",
        "Nota": " ",
        "Municipio": "Cametá"
      },
      "geometry": {
        "type": "Polygon",
        "coordinates": [
          [
            [
              -49.44909777948608,
              -2.177617189582584
            ],
            [
              -49.44909777948608,
              -2.169863353575862
            ],
            [
              -49.45472445813283,
              -2.169863353575862
            ],
            [
              -49.45472445813283,
              -2.177617189582584
            ],
            [
              -49.44909777948608,
              -2.177617189582584
            ]
          ]
        ]
      }
    },
    {
      "type": "Feature",
      "properties": {
        "Nome_Voo": "JorocazinhoDeCima1",
        "Platform": "Mavic 3M",
        "Datetime": "2023-11-14T00:00:00.000000Z",
        "Projeto": "HARMONIZE",
        "Nota": " ",
        "Municipio": "Cametá"
      },
      "geometry": {
        "type": "Polygon",
        "coordinates": [
          [
            [
              -49.40537196387582,
              -2.082081099093108
            ],
            [
              -49.40537196387582,
              -2.078092095013676
            ],
            [
              -49.41479985042446,
              -2.078092095013676
            ],
            [
              -49.41479985042446,
              -2.082081099093108
            ],
            [
              -49.40537196387582,
              -2.082081099093108
            ]
          ]
        ]
      }
    },
    {
      "type": "Feature",
      "properties": {
        "Nome_Voo": "JorocazinhoDeCima1a",
        "Platform": "Mavic 3M",
        "Datetime": "2023-11-14T00:00:00.000000Z",
        "Projeto": "HARMONIZE",
        "Nota": " ",
        "Municipio": "Cametá"
      },
      "geometry": {
        "type": "Polygon",
        "coordinates": [
          [
            [
              -49.40592704001868,
              -2.084600717315789
            ],
            [
              -49.40592704001868,
              -2.080100280800456
            ],
            [
              -49.41495449711463,
              -2.080100280800456
            ],
            [
              -49.41495449711463,
              -2.084600717315789
            ],
            [
              -49.40592704001868,
              -2.084600717315789
            ]
          ]
        ]
      }
    },
    {
      "type": "Feature",
      "properties": {
        "Nome_Voo": "TabacalOvidio",
        "Platform": "Mavic 3M",
        "Datetime": "2023-11-14T00:00:00.000000Z",
        "Projeto": "HARMONIZE",
        "Nota": " ",
        "Municipio": "Cametá"
      },
      "geometry": {
        "type": "Polygon",
        "coordinates": [
          [
            [
              -49.40035392163979,
              -2.079567244199857
            ],
            [
              -49.40035392163979,
              -2.073142718153769
            ],
            [
              -49.407533377628596,
              -2.073142718153769
            ],
            [
              -49.407533377628596,
              -2.079567244199857
            ],
            [
              -49.40035392163979,
              -2.079567244199857
            ]
          ]
        ]
      }
    },
    {
      "type": "Feature",
      "properties": {
        "Nome_Voo": "Bucubarana1",
        "Platform": "Mavic 3M",
        "Datetime": "2023-11-13T00:00:00.000000Z",
        "Projeto": "HARMONIZE",
        "Nota": " ",
        "Municipio": "Cametá"
      },
      "geometry": {
        "type": "Polygon",
        "coordinates": [
          [
            [
              -49.64743941450965,
              -2.308905455299602
            ],
            [
              -49.64743941450965,
              -2.302200292626723
            ],
            [
              -49.656005654043945,
              -2.302200292626723
            ],
            [
              -49.656005654043945,
              -2.308905455299602
            ],
            [
              -49.64743941450965,
              -2.308905455299602
            ]
          ]
        ]
      }
    },
    {
      "type": "Feature",
      "properties": {
        "Nome_Voo": "Bucubarana1a",
        "Platform": "Mavic 3M",
        "Datetime": "2023-11-13T00:00:00.000000Z",
        "Projeto": "HARMONIZE",
        "Nota": " ",
        "Municipio": "Cametá"
      },
      "geometry": {
        "type": "Polygon",
        "coordinates": [
          [
            [
              -49.652672939592954,
              -2.315115095563348
            ],
            [
              -49.652672939592954,
              -2.307592656479871
            ],
            [
              -49.65959599425495,
              -2.307592656479871
            ],
            [
              -49.65959599425495,
              -2.315115095563348
            ],
            [
              -49.652672939592954,
              -2.315115095563348
            ]
          ]
        ]
      }
    },
    {
      "type": "Feature",
      "properties": {
        "Nome_Voo": "Jacarecaia",
        "Platform": "Mavic 3M",
        "Datetime": "2023-11-12T00:00:00.000000Z",
        "Projeto": "HARMONIZE",
        "Nota": " ",
        "Municipio": "Mocajuba"
      },
      "geometry": {
        "type": "Polygon",
        "coordinates": [
          [
            [
              -49.5312651519108,
              -2.547636513327606
            ],
            [
              -49.5312651519108,
              -2.539911691470313
            ],
            [
              -49.53899477581776,
              -2.539911691470313
            ],
            [
              -49.53899477581776,
              -2.547636513327606
            ],
            [
              -49.5312651519108,
              -2.547636513327606
            ]
          ]
        ]
      }
    },
    {
      "type": "Feature",
      "properties": {
        "Nome_Voo": "Merajuba",
        "Platform": "Mavic 3M",
        "Datetime": "2023-11-12T00:00:00.000000Z",
        "Projeto": "HARMONIZE",
        "Nota": " ",
        "Municipio": "Mocajuba"
      },
      "geometry": {
        "type": "Polygon",
        "coordinates": [
          [
            [
              -49.46447236209886,
              -2.519211739286735
            ],
            [
              -49.46447236209886,
              -2.509132468792922
            ],
            [
              -49.470951502148914,
              -2.509132468792922
            ],
            [
              -49.470951502148914,
              -2.519211739286735
            ],
            [
              -49.46447236209886,
              -2.519211739286735
            ]
          ]
        ]
      }
    },
    {
      "type": "Feature",
      "properties": {
        "Nome_Voo": "Jacarecainha",
        "Platform": "Mavic 3M",
        "Datetime": "2023-11-11T00:00:00.000000Z",
        "Projeto": "HARMONIZE",
        "Nota": " ",
        "Municipio": "Mocajuba"
      },
      "geometry": {
        "type": "Polygon",
        "coordinates": [
          [
            [
              -49.55733693182584,
              -2.565652971881164
            ],
            [
              -49.55733693182584,
              -2.561566669775109
            ],
            [
              -49.56603157150877,
              -2.561566669775109
            ],
            [
              -49.56603157150877,
              -2.565652971881164
            ],
            [
              -49.55733693182584,
              -2.565652971881164
            ]
          ]
        ]
      }
    },
    {
      "type": "Feature",
      "properties": {
        "Nome_Voo": "Mangabeira",
        "Platform": "Mavic 3M",
        "Datetime": "2023-11-11T00:00:00.000000Z",
        "Projeto": "HARMONIZE",
        "Nota": " ",
        "Municipio": "Mocajuba"
      },
      "geometry": {
        "type": "Polygon",
        "coordinates": [
          [
            [
              -49.601560823509246,
              -2.61325289142042
            ],
            [
              -49.601560823509246,
              -2.60624039099758
            ],
            [
              -49.61263127454516,
              -2.60624039099758
            ],
            [
              -49.61263127454516,
              -2.61325289142042
            ],
            [
              -49.601560823509246,
              -2.61325289142042
            ]
          ]
        ]
      }
    },
    {
      "type": "Feature",
      "properties": {
        "Nome_Voo": "Vizania",
        "Platform": "Mavic 3M",
        "Datetime": "2023-11-11T00:00:00.000000Z",
        "Projeto": "HARMONIZE",
        "Nota": " ",
        "Municipio": "Mocajuba"
      },
      "geometry": {
        "type": "Polygon",
        "coordinates": [
          [
            [
              -49.550488056805676,
              -2.539829457660067
            ],
            [
              -49.550488056805676,
              -2.529398220409959
            ],
            [
              -49.559843441264974,
              -2.529398220409959
            ],
            [
              -49.559843441264974,
              -2.539829457660067
            ],
            [
              -49.550488056805676,
              -2.539829457660067
            ]
          ]
        ]
      }
    },
    {
      "type": "Feature",
      "properties": {
        "Nome_Voo": "Acapuquara",
        "Platform": "Mavic 3M",
        "Datetime": "2023-11-10T00:00:00.000000Z",
        "Projeto": "HARMONIZE",
        "Nota": " ",
        "Municipio": "Mocajuba"
      },
      "geometry": {
        "type": "Polygon",
        "coordinates": [
          [
            [
              -49.5163649743245,
              -2.62068033001697
            ],
            [
              -49.5163649743245,
              -2.613920786626719
            ],
            [
              -49.52322761113684,
              -2.613920786626719
            ],
            [
              -49.52322761113684,
              -2.62068033001697
            ],
            [
              -49.5163649743245,
              -2.62068033001697
            ]
          ]
        ]
      }
    },
    {
      "type": "Feature",
      "properties": {
        "Nome_Voo": "Guariba1",
        "Platform": "Mavic 3M",
        "Datetime": "2023-11-10T00:00:00.000000Z",
        "Projeto": "HARMONIZE",
        "Nota": " ",
        "Municipio": "Mocajuba"
      },
      "geometry": {
        "type": "Polygon",
        "coordinates": [
          [
            [
              -49.479134766058046,
              -2.655351461025854
            ],
            [
              -49.479134766058046,
              -2.648937234557016
            ],
            [
              -49.48610825008158,
              -2.648937234557016
            ],
            [
              -49.48610825008158,
              -2.655351461025854
            ],
            [
              -49.479134766058046,
              -2.655351461025854
            ]
          ]
        ]
      }
    },
    {
      "type": "Feature",
      "properties": {
        "Nome_Voo": "Guariba1a",
        "Platform": "Mavic 3M",
        "Datetime": "2023-11-10T00:00:00.000000Z",
        "Projeto": "HARMONIZE",
        "Nota": " ",
        "Municipio": "Mocajuba"
      },
      "geometry": {
        "type": "Polygon",
        "coordinates": [
          [
            [
              -49.472577710869174,
              -2.660762753835872
            ],
            [
              -49.472577710869174,
              -2.652088109004623
            ],
            [
              -49.482041888944714,
              -2.652088109004623
            ],
            [
              -49.482041888944714,
              -2.660762753835872
            ],
            [
              -49.472577710869174,
              -2.660762753835872
            ]
          ]
        ]
      }
    },
    {
      "type": "Feature",
      "properties": {
        "Nome_Voo": "Guariba1b",
        "Platform": "Mavic 3M",
        "Datetime": "2023-11-10T00:00:00.000000Z",
        "Projeto": "HARMONIZE",
        "Nota": " ",
        "Municipio": "Mocajuba"
      },
      "geometry": {
        "type": "Polygon",
        "coordinates": [
          [
            [
              -49.46886040529863,
              -2.651772184873757
            ],
            [
              -49.46886040529863,
              -2.648363231064259
            ],
            [
              -49.47624738916108,
              -2.648363231064259
            ],
            [
              -49.47624738916108,
              -2.651772184873757
            ],
            [
              -49.46886040529863,
              -2.651772184873757
            ]
          ]
        ]
      }
    },
    {
      "type": "Feature",
      "properties": {
        "Nome_Voo": "TambaiAcu",
        "Platform": "Mavic 3M",
        "Datetime": "2023-11-10T00:00:00.000000Z",
        "Projeto": "HARMONIZE",
        "Nota": " ",
        "Municipio": "Mocajuba"
      },
      "geometry": {
        "type": "Polygon",
        "coordinates": [
          [
            [
              -49.424764027156726,
              -2.678677705204398
            ],
            [
              -49.424764027156726,
              -2.670436842716259
            ],
            [
              -49.435592988033356,
              -2.670436842716259
            ],
            [
              -49.435592988033356,
              -2.678677705204398
            ],
            [
              -49.424764027156726,
              -2.678677705204398
            ]
          ]
        ]
      }
    },
    {
      "type": "Feature",
      "properties": {
        "Nome_Voo": "BairroNovo1a",
        "Platform": "Mavic 3M",
        "Datetime": "2023-11-09T00:00:00.000000Z",
        "Projeto": "HARMONIZE",
        "Nota": " ",
        "Municipio": "Mocajuba"
      },
      "geometry": {
        "type": "Polygon",
        "coordinates": [
          [
            [
              -49.49341810020249,
              -2.579040137538679
            ],
            [
              -49.49341810020249,
              -2.574295105464458
            ],
            [
              -49.50656025836254,
              -2.574295105464458
            ],
            [
              -49.50656025836254,
              -2.579040137538679
            ],
            [
              -49.49341810020249,
              -2.579040137538679
            ]
          ]
        ]
      }
    },
    {
      "type": "Feature",
      "properties": {
        "Nome_Voo": "CanalDaPiriquita",
        "Platform": "Mavic 3M",
        "Datetime": "2023-11-09T00:00:00.000000Z",
        "Projeto": "HARMONIZE",
        "Nota": " ",
        "Municipio": "Mocajuba"
      },
      "geometry": {
        "type": "Polygon",
        "coordinates": [
          [
            [
              -49.50286836666469,
              -2.582689044921919
            ],
            [
              -49.50286836666469,
              -2.575622191403699
            ],
            [
              -49.509191128320204,
              -2.575622191403699
            ],
            [
              -49.509191128320204,
              -2.582689044921919
            ],
            [
              -49.50286836666469,
              -2.582689044921919
            ]
          ]
        ]
      }
    },
    {
      "type": "Feature",
      "properties": {
        "Nome_Voo": "Lixao",
        "Platform": "Mavic 3M",
        "Datetime": "2023-11-09T00:00:00.000000Z",
        "Projeto": "HARMONIZE",
        "Nota": " ",
        "Municipio": "Mocajuba"
      },
      "geometry": {
        "type": "Polygon",
        "coordinates": [
          [
            [
              -49.48477710013448,
              -2.59363597584053
            ],
            [
              -49.48477710013448,
              -2.582954767005816
            ],
            [
              -49.49471969330882,
              -2.582954767005816
            ],
            [
              -49.49471969330882,
              -2.59363597584053
            ],
            [
              -49.48477710013448,
              -2.59363597584053
            ]
          ]
        ]
      }
    },
    {
      "type": "Feature",
      "properties": {
        "Nome_Voo": "Pranchinha1a",
        "Platform": "Mavic 3M",
        "Datetime": "2023-11-09T00:00:00.000000Z",
        "Projeto": "HARMONIZE",
        "Nota": " ",
        "Municipio": "Mocajuba"
      },
      "geometry": {
        "type": "Polygon",
        "coordinates": [
          [
            [
              -49.49639314566717,
              -2.592135050560716
            ],
            [
              -49.49639314566717,
              -2.581255634915645
            ],
            [
              -49.50592813188682,
              -2.581255634915645
            ],
            [
              -49.50592813188682,
              -2.592135050560716
            ],
            [
              -49.49639314566717,
              -2.592135050560716
            ]
          ]
        ]
      }
    },
    {
      "type": "Feature",
      "properties": {
        "Nome_Voo": "Pranchinha1b",
        "Platform": "Mavic 3M",
        "Datetime": "2023-11-09T00:00:00.000000Z",
        "Projeto": "HARMONIZE",
        "Nota": " ",
        "Municipio": "Mocajuba"
      },
      "geometry": {
        "type": "Polygon",
        "coordinates": [
          [
            [
              -49.50286800468763,
              -2.594473946731167
            ],
            [
              -49.50286800468763,
              -2.587258820821844
            ],
            [
              -49.511257357439305,
              -2.587258820821844
            ],
            [
              -49.511257357439305,
              -2.594473946731167
            ],
            [
              -49.50286800468763,
              -2.594473946731167
            ]
          ]
        ]
      }
    },
    {
      "type": "Feature",
      "properties": {
        "Nome_Voo": "BairroNovo",
        "Platform": "Mavic 3M",
        "Datetime": "2023-11-07T00:00:00.000000Z",
        "Projeto": "HARMONIZE",
        "Nota": " ",
        "Municipio": "Mocajuba"
      },
      "geometry": {
        "type": "Polygon",
        "coordinates": [
          [
            [
              -49.48949859395402,
              -2.575220268100647
            ],
            [
              -49.48949859395402,
              -2.567650083908255
            ],
            [
              -49.49903462020049,
              -2.567650083908255
            ],
            [
              -49.49903462020049,
              -2.575220268100647
            ],
            [
              -49.48949859395402,
              -2.575220268100647
            ]
          ]
        ]
      }
    },
    {
      "type": "Feature",
      "properties": {
        "Nome_Voo": "EscolaOficina",
        "Platform": "Mavic 3M",
        "Datetime": "2023-11-07T00:00:00.000000Z",
        "Projeto": "HARMONIZE",
        "Nota": " ",
        "Municipio": "Mocajuba"
      },
      "geometry": {
        "type": "Polygon",
        "coordinates": [
          [
            [
              -49.505447538816256,
              -2.584660225158744
            ],
            [
              -49.505447538816256,
              -2.580155341297494
            ],
            [
              -49.51230861009587,
              -2.580155341297494
            ],
            [
              -49.51230861009587,
              -2.584660225158744
            ],
            [
              -49.505447538816256,
              -2.584660225158744
            ]
          ]
        ]
      }
    },
    {
      "type": "Feature",
      "properties": {
        "Nome_Voo": "Prainha2",
        "Platform": "Mavic 3M",
        "Datetime": "2023-11-07T00:00:00.000000Z",
        "Projeto": "HARMONIZE",
        "Nota": " ",
        "Municipio": "Mocajuba"
      },
      "geometry": {
        "type": "Polygon",
        "coordinates": [
          [
            [
              -49.49275068647434,
              -2.570131703076323
            ],
            [
              -49.49275068647434,
              -2.559977372263983
            ],
            [
              -49.50128955511173,
              -2.559977372263983
            ],
            [
              -49.50128955511173,
              -2.570131703076323
            ],
            [
              -49.49275068647434,
              -2.570131703076323
            ]
          ]
        ]
      }
    }
  ]
}
